datum,aantal_bezoeken,unieke_bezoekers,jaar,maand,week,weekdag_nummer,weekdag,is_weekend,seizoen,feestdag,vakantie,tentamenperiode,weekend
2017-08-01,170,137,2017,8,31,2,Tuesday,0,Zomer,0,1,0,0
2017-08-02,140,117,2017,8,31,3,Wednesday,0,Zomer,0,1,0,0
2017-08-03,146,118,2017,8,31,4,Thursday,0,Zomer,0,1,0,0
2017-08-04,157,128,2017,8,31,5,Friday,1,Zomer,0,1,0,0
2017-08-07,188,162,2017,8,32,1,Monday,0,Zomer,0,1,0,0
2017-08-08,146,119,2017,8,32,2,Tuesday,0,Zomer,0,1,0,0
2017-08-09,156,128,2017,8,32,3,Wednesday,0,Zomer,0,1,0,0
2017-08-10,149,127,2017,8,32,4,Thursday,0,Zomer,0,1,0,0
2017-08-11,151,130,2017,8,32,5,Friday,1,Zomer,0,1,0,0
2017-08-14,218,177,2017,8,33,1,Monday,0,Zomer,0,1,0,0
2017-08-15,156,135,2017,8,33,2,Tuesday,0,Zomer,0,1,0,0
2017-08-16,59,49,2017,8,33,3,Wednesday,0,Zomer,0,1,0,0
2017-08-17,134,119,2017,8,33,4,Thursday,0,Zomer,0,1,0,0
2017-08-18,144,116,2017,8,33,5,Friday,1,Zomer,0,1,0,0
2017-08-21,242,196,2017,8,34,1,Monday,0,Zomer,0,1,0,0
2017-08-22,183,156,2017,8,34,2,Tuesday,0,Zomer,0,1,0,0
2017-08-23,210,165,2017,8,34,3,Wednesday,0,Zomer,0,1,0,0
2017-08-24,167,133,2017,8,34,4,Thursday,0,Zomer,0,1,0,0
2017-08-25,156,124,2017,8,34,5,Friday,1,Zomer,0,1,0,0
2017-08-26,56,44,2017,8,34,6,Saturday,1,Zomer,0,1,0,1
2017-08-27,50,42,2017,8,34,7,Sunday,0,Zomer,0,1,0,1
2017-08-28,228,173,2017,8,35,1,Monday,0,Zomer,0,1,0,0
2017-08-29,202,160,2017,8,35,2,Tuesday,0,Zomer,0,1,0,0
2017-08-30,206,165,2017,8,35,3,Wednesday,0,Zomer,0,1,0,0
2017-08-31,183,144,2017,8,35,4,Thursday,0,Zomer,0,1,0,0
2017-09-01,170,123,2017,9,35,5,Friday,1,Herfst,0,1,0,0
2017-09-02,61,44,2017,9,35,6,Saturday,1,Herfst,0,1,0,1
2017-09-03,55,41,2017,9,35,7,Sunday,0,Herfst,0,1,0,1
2017-09-04,250,170,2017,9,36,1,Monday,0,Herfst,0,0,0,0
2017-09-05,306,207,2017,9,36,2,Tuesday,0,Herfst,0,0,0,0
2017-09-06,278,188,2017,9,36,3,Wednesday,0,Herfst,0,0,0,0
2017-09-07,273,187,2017,9,36,4,Thursday,0,Herfst,0,0,0,0
2017-09-08,245,177,2017,9,36,5,Friday,1,Herfst,0,0,0,0
2017-09-09,113,85,2017,9,36,6,Saturday,1,Herfst,0,0,0,1
2017-09-10,106,89,2017,9,36,7,Sunday,0,Herfst,0,0,0,1
2017-09-11,372,282,2017,9,37,1,Monday,0,Herfst,0,0,0,0
2017-09-12,400,279,2017,9,37,2,Tuesday,0,Herfst,0,0,0,0
2017-09-13,216,164,2017,9,37,3,Wednesday,0,Herfst,0,0,0,0
2017-09-14,279,212,2017,9,37,4,Thursday,0,Herfst,0,0,0,0
2017-09-15,324,240,2017,9,37,5,Friday,1,Herfst,0,0,0,0
2017-09-16,139,106,2017,9,37,6,Saturday,1,Herfst,0,0,0,1
2017-09-17,130,107,2017,9,37,7,Sunday,0,Herfst,0,0,0,1
2017-09-18,407,333,2017,9,38,1,Monday,0,Herfst,0,0,0,0
2017-09-19,426,325,2017,9,38,2,Tuesday,0,Herfst,0,0,0,0
2017-09-20,415,325,2017,9,38,3,Wednesday,0,Herfst,0,0,0,0
2017-09-21,365,273,2017,9,38,4,Thursday,0,Herfst,0,0,0,0
2017-09-22,330,241,2017,9,38,5,Friday,1,Herfst,0,0,0,0
2017-09-23,135,106,2017,9,38,6,Saturday,1,Herfst,0,0,0,1
2017-09-24,144,118,2017,9,38,7,Sunday,0,Herfst,0,0,0,1
2017-09-25,492,378,2017,9,39,1,Monday,0,Herfst,0,0,0,0
2017-09-26,402,319,2017,9,39,2,Tuesday,0,Herfst,0,0,0,0
2017-09-27,447,355,2017,9,39,3,Wednesday,0,Herfst,0,0,0,0
2017-09-28,326,259,2017,9,39,4,Thursday,0,Herfst,0,0,0,0
2017-09-29,323,259,2017,9,39,5,Friday,1,Herfst,0,0,0,0
2017-09-30,134,104,2017,9,39,6,Saturday,1,Herfst,0,0,0,1
2017-10-01,155,121,2017,10,39,7,Sunday,0,Herfst,0,0,0,1
2017-10-02,447,342,2017,10,40,1,Monday,0,Herfst,0,0,0,0
2017-10-03,461,362,2017,10,40,2,Tuesday,0,Herfst,0,0,0,0
2017-10-04,275,226,2017,10,40,3,Wednesday,0,Herfst,0,0,0,0
2017-10-05,371,270,2017,10,40,4,Thursday,0,Herfst,0,0,0,0
2017-10-06,436,263,2017,10,40,5,Friday,1,Herfst,0,0,0,0
2017-10-07,165,107,2017,10,40,6,Saturday,1,Herfst,0,0,0,1
2017-10-08,220,148,2017,10,40,7,Sunday,0,Herfst,0,0,0,1
2017-10-09,599,380,2017,10,41,1,Monday,0,Herfst,0,0,0,0
2017-10-10,551,346,2017,10,41,2,Tuesday,0,Herfst,0,0,0,0
2017-10-11,558,373,2017,10,41,3,Wednesday,0,Herfst,0,0,0,0
2017-10-12,417,279,2017,10,41,4,Thursday,0,Herfst,0,0,0,0
2017-10-13,453,292,2017,10,41,5,Friday,1,Herfst,0,0,0,0
2017-10-14,194,132,2017,10,41,6,Saturday,1,Herfst,0,0,0,1
2017-10-15,174,122,2017,10,41,7,Sunday,0,Herfst,0,0,0,1
2017-10-16,576,384,2017,10,42,1,Monday,0,Herfst,0,0,0,0
2017-10-17,546,382,2017,10,42,2,Tuesday,0,Herfst,0,0,0,0
2017-10-18,546,377,2017,10,42,3,Wednesday,0,Herfst,0,0,0,0
2017-10-19,407,288,2017,10,42,4,Thursday,0,Herfst,0,0,0,0
2017-10-20,349,242,2017,10,42,5,Friday,1,Herfst,0,0,0,0
2017-10-21,180,127,2017,10,42,6,Saturday,1,Herfst,0,0,0,1
2017-10-22,199,149,2017,10,42,7,Sunday,0,Herfst,0,0,0,1
2017-10-23,458,311,2017,10,43,1,Monday,0,Herfst,0,0,0,0
2017-10-24,457,327,2017,10,43,2,Tuesday,0,Herfst,0,0,0,0
2017-10-25,457,334,2017,10,43,3,Wednesday,0,Herfst,0,0,0,0
2017-10-26,341,249,2017,10,43,4,Thursday,0,Herfst,0,0,0,0
2017-10-27,333,232,2017,10,43,5,Friday,1,Herfst,0,0,0,0
2017-10-28,195,146,2017,10,43,6,Saturday,1,Herfst,0,0,1,1
2017-10-29,184,133,2017,10,43,7,Sunday,0,Herfst,0,0,1,1
2017-10-30,470,334,2017,10,44,1,Monday,0,Herfst,0,0,1,0
2017-10-31,432,311,2017,10,44,2,Tuesday,0,Herfst,0,0,1,0
2017-11-01,439,342,2017,11,44,3,Wednesday,0,Herfst,0,0,1,0
2017-11-02,309,257,2017,11,44,4,Thursday,0,Herfst,0,0,1,0
2017-11-03,347,274,2017,11,44,5,Friday,1,Herfst,0,0,1,0
2017-11-04,170,133,2017,11,44,6,Saturday,1,Herfst,0,0,1,1
2017-11-05,183,156,2017,11,44,7,Sunday,0,Herfst,0,0,1,1
2017-11-06,392,320,2017,11,45,1,Monday,0,Herfst,0,0,1,0
2017-11-07,360,295,2017,11,45,2,Tuesday,0,Herfst,0,0,1,0
2017-11-08,410,321,2017,11,45,3,Wednesday,0,Herfst,0,0,1,0
2017-11-09,293,248,2017,11,45,4,Thursday,0,Herfst,0,0,1,0
2017-11-10,266,203,2017,11,45,5,Friday,1,Herfst,0,0,1,0
2017-11-11,165,128,2017,11,45,6,Saturday,1,Herfst,0,0,0,1
2017-11-12,144,121,2017,11,45,7,Sunday,0,Herfst,0,0,0,1
2017-11-13,489,397,2017,11,46,1,Monday,0,Herfst,0,0,0,0
2017-11-14,455,367,2017,11,46,2,Tuesday,0,Herfst,0,0,0,0
2017-11-15,460,375,2017,11,46,3,Wednesday,0,Herfst,0,0,0,0
2017-11-16,400,332,2017,11,46,4,Thursday,0,Herfst,0,0,0,0
2017-11-17,363,285,2017,11,46,5,Friday,1,Herfst,0,0,0,0
2017-11-18,155,130,2017,11,46,6,Saturday,1,Herfst,0,0,0,1
2017-11-19,163,136,2017,11,46,7,Sunday,0,Herfst,0,0,0,1
2017-11-20,483,384,2017,11,47,1,Monday,0,Herfst,0,0,0,0
2017-11-21,505,414,2017,11,47,2,Tuesday,0,Herfst,0,0,0,0
2017-11-22,461,373,2017,11,47,3,Wednesday,0,Herfst,0,0,0,0
2017-11-23,403,332,2017,11,47,4,Thursday,0,Herfst,0,0,0,0
2017-11-24,356,277,2017,11,47,5,Friday,1,Herfst,0,0,0,0
2017-11-25,192,157,2017,11,47,6,Saturday,1,Herfst,0,0,0,1
2017-11-26,192,151,2017,11,47,7,Sunday,0,Herfst,0,0,0,1
2017-11-27,500,409,2017,11,48,1,Monday,0,Herfst,0,0,0,0
2017-11-28,505,399,2017,11,48,2,Tuesday,0,Herfst,0,0,0,0
2017-11-29,476,391,2017,11,48,3,Wednesday,0,Herfst,0,0,0,0
2017-11-30,342,298,2017,11,48,4,Thursday,0,Herfst,0,0,0,0
2017-12-01,371,295,2017,12,48,5,Friday,1,Winter,0,0,0,0
2017-12-02,171,137,2017,12,48,6,Saturday,1,Winter,0,0,0,1
2017-12-03,144,128,2017,12,48,7,Sunday,0,Winter,0,0,0,1
2017-12-04,470,385,2017,12,49,1,Monday,0,Winter,0,0,0,0
2017-12-05,431,362,2017,12,49,2,Tuesday,0,Winter,0,0,0,0
2017-12-06,477,386,2017,12,49,3,Wednesday,0,Winter,0,0,0,0
2017-12-07,330,278,2017,12,49,4,Thursday,0,Winter,0,0,0,0
2017-12-08,336,265,2017,12,49,5,Friday,1,Winter,0,0,0,0
2017-12-09,195,149,2017,12,49,6,Saturday,1,Winter,0,0,0,1
2017-12-10,183,155,2017,12,49,7,Sunday,0,Winter,0,0,0,1
2017-12-11,373,303,2017,12,50,1,Monday,0,Winter,0,0,0,0
2017-12-12,446,351,2017,12,50,2,Tuesday,0,Winter,0,0,0,0
2017-12-13,414,348,2017,12,50,3,Wednesday,0,Winter,0,0,0,0
2017-12-14,384,306,2017,12,50,4,Thursday,0,Winter,0,0,0,0
2017-12-15,319,259,2017,12,50,5,Friday,1,Winter,0,0,0,0
2017-12-16,159,128,2017,12,50,6,Saturday,1,Winter,0,0,0,1
2017-12-17,183,147,2017,12,50,7,Sunday,0,Winter,0,0,0,1
2017-12-18,400,332,2017,12,51,1,Monday,0,Winter,0,0,0,0
2017-12-19,419,338,2017,12,51,2,Tuesday,0,Winter,0,0,0,0
2017-12-20,196,172,2017,12,51,3,Wednesday,0,Winter,0,0,0,0
2017-12-21,225,194,2017,12,51,4,Thursday,0,Winter,0,0,0,0
2017-12-22,203,159,2017,12,51,5,Friday,1,Winter,0,0,0,0
2017-12-23,84,67,2017,12,51,6,Saturday,1,Winter,0,1,0,1
2017-12-24,80,62,2017,12,51,7,Sunday,0,Winter,0,1,0,1
2017-12-26,56,45,2017,12,52,2,Tuesday,0,Winter,1,1,0,0
2017-12-27,121,101,2017,12,52,3,Wednesday,0,Winter,0,1,0,0
2017-12-28,111,95,2017,12,52,4,Thursday,0,Winter,0,1,0,0
2017-12-29,108,83,2017,12,52,5,Friday,1,Winter,0,1,0,0
2017-12-30,106,87,2017,12,52,6,Saturday,1,Winter,0,1,0,1
2018-01-02,196,171,2018,1,1,2,Tuesday,0,Winter,0,1,0,0
2018-01-03,150,115,2018,1,1,3,Wednesday,0,Winter,0,1,0,0
2018-01-04,172,142,2018,1,1,4,Thursday,0,Winter,0,1,0,0
2018-01-05,168,138,2018,1,1,5,Friday,1,Winter,0,1,0,0
2018-01-06,159,124,2018,1,1,6,Saturday,1,Winter,0,1,0,1
2018-01-07,167,140,2018,1,1,7,Sunday,0,Winter,0,1,0,1
2018-01-08,392,322,2018,1,2,1,Monday,0,Winter,0,0,0,0
2018-01-09,422,345,2018,1,2,2,Tuesday,0,Winter,0,0,0,0
2018-01-10,388,329,2018,1,2,3,Wednesday,0,Winter,0,0,0,0
2018-01-11,334,291,2018,1,2,4,Thursday,0,Winter,0,0,0,0
2018-01-12,360,298,2018,1,2,5,Friday,1,Winter,0,0,0,0
2018-01-13,212,185,2018,1,2,6,Saturday,1,Winter,0,0,1,1
2018-01-14,195,172,2018,1,2,7,Sunday,0,Winter,0,0,1,1
2018-01-15,397,314,2018,1,3,1,Monday,0,Winter,0,0,1,0
2018-01-16,434,349,2018,1,3,2,Tuesday,0,Winter,0,0,1,0
2018-01-17,409,338,2018,1,3,3,Wednesday,0,Winter,0,0,1,0
2018-01-18,322,274,2018,1,3,4,Thursday,0,Winter,0,0,1,0
2018-01-19,347,278,2018,1,3,5,Friday,1,Winter,0,0,1,0
2018-01-20,206,170,2018,1,3,6,Saturday,1,Winter,0,0,1,1
2018-01-21,203,168,2018,1,3,7,Sunday,0,Winter,0,0,1,1
2018-01-22,404,321,2018,1,4,1,Monday,0,Winter,0,0,1,0
2018-01-23,359,302,2018,1,4,2,Tuesday,0,Winter,0,0,1,0
2018-01-24,364,300,2018,1,4,3,Wednesday,0,Winter,0,0,1,0
2018-01-25,283,247,2018,1,4,4,Thursday,0,Winter,0,0,1,0
2018-01-26,315,250,2018,1,4,5,Friday,1,Winter,0,0,1,0
2018-01-27,192,160,2018,1,4,6,Saturday,1,Winter,0,0,1,1
2018-01-28,159,132,2018,1,4,7,Sunday,0,Winter,0,0,1,1
2018-01-29,341,283,2018,1,5,1,Monday,0,Winter,0,0,1,0
2018-01-30,333,281,2018,1,5,2,Tuesday,0,Winter,0,0,1,0
2018-01-31,317,256,2018,1,5,3,Wednesday,0,Winter,0,0,1,0
2018-02-01,293,241,2018,2,5,4,Thursday,0,Winter,0,0,1,0
2018-02-02,313,245,2018,2,5,5,Friday,1,Winter,0,0,1,0
2018-02-03,176,153,2018,2,5,6,Saturday,1,Winter,0,0,0,1
2018-02-04,171,137,2018,2,5,7,Sunday,0,Winter,0,0,0,1
2018-02-05,516,400,2018,2,6,1,Monday,0,Winter,0,0,0,0
2018-02-06,438,364,2018,2,6,2,Tuesday,0,Winter,0,0,0,0
2018-02-07,516,370,2018,2,6,3,Wednesday,0,Winter,0,0,0,0
2018-02-08,440,290,2018,2,6,4,Thursday,0,Winter,0,0,0,0
2018-02-09,459,296,2018,2,6,5,Friday,1,Winter,0,0,0,0
2018-02-10,201,136,2018,2,6,6,Saturday,1,Winter,0,0,0,1
2018-02-11,266,180,2018,2,6,7,Sunday,0,Winter,0,0,0,1
2018-02-12,604,396,2018,2,7,1,Monday,0,Winter,0,0,0,0
2018-02-13,607,383,2018,2,7,2,Tuesday,0,Winter,0,0,0,0
2018-02-14,549,376,2018,2,7,3,Wednesday,0,Winter,0,0,0,0
2018-02-15,439,309,2018,2,7,4,Thursday,0,Winter,0,0,0,0
2018-02-16,488,336,2018,2,7,5,Friday,1,Winter,0,0,0,0
2018-02-17,239,160,2018,2,7,6,Saturday,1,Winter,0,0,0,1
2018-02-18,271,199,2018,2,7,7,Sunday,0,Winter,0,0,0,1
2018-02-19,645,439,2018,2,8,1,Monday,0,Winter,0,0,0,0
2018-02-20,559,404,2018,2,8,2,Tuesday,0,Winter,0,0,0,0
2018-02-21,540,385,2018,2,8,3,Wednesday,0,Winter,0,0,0,0
2018-02-22,424,313,2018,2,8,4,Thursday,0,Winter,0,0,0,0
2018-02-23,376,298,2018,2,8,5,Friday,1,Winter,0,0,0,0
2018-02-24,207,173,2018,2,8,6,Saturday,1,Winter,0,0,0,1
2018-02-25,189,149,2018,2,8,7,Sunday,0,Winter,0,0,0,1
2018-02-26,463,374,2018,2,9,1,Monday,0,Winter,0,0,0,0
2018-02-27,404,326,2018,2,9,2,Tuesday,0,Winter,0,0,0,0
2018-02-28,366,307,2018,2,9,3,Wednesday,0,Winter,0,0,0,0
2018-03-01,279,228,2018,3,9,4,Thursday,0,Lente,0,0,0,0
2018-03-02,308,249,2018,3,9,5,Friday,1,Lente,0,0,0,0
2018-03-03,211,173,2018,3,9,6,Saturday,1,Lente,0,0,0,1
2018-03-04,189,168,2018,3,9,7,Sunday,0,Lente,0,0,0,1
2018-03-05,514,428,2018,3,10,1,Monday,0,Lente,0,0,0,0
2018-03-06,526,433,2018,3,10,2,Tuesday,0,Lente,0,0,0,0
2018-03-07,495,416,2018,3,10,3,Wednesday,0,Lente,0,0,0,0
2018-03-08,416,337,2018,3,10,4,Thursday,0,Lente,0,0,0,0
2018-03-09,407,342,2018,3,10,5,Friday,1,Lente,0,0,0,0
2018-03-10,237,187,2018,3,10,6,Saturday,1,Lente,0,0,0,1
2018-03-11,234,203,2018,3,10,7,Sunday,0,Lente,0,0,0,1
2018-03-12,608,460,2018,3,11,1,Monday,0,Lente,0,0,0,0
2018-03-13,495,406,2018,3,11,2,Tuesday,0,Lente,0,0,0,0
2018-03-14,490,414,2018,3,11,3,Wednesday,0,Lente,0,0,0,0
2018-03-15,430,354,2018,3,11,4,Thursday,0,Lente,0,0,0,0
2018-03-16,388,329,2018,3,11,5,Friday,1,Lente,0,0,0,0
2018-03-17,184,151,2018,3,11,6,Saturday,1,Lente,0,0,0,1
2018-03-18,195,164,2018,3,11,7,Sunday,0,Lente,0,0,0,1
2018-03-19,490,409,2018,3,12,1,Monday,0,Lente,0,0,0,0
2018-03-20,491,405,2018,3,12,2,Tuesday,0,Lente,0,0,0,0
2018-03-21,478,417,2018,3,12,3,Wednesday,0,Lente,0,0,0,0
2018-03-22,358,293,2018,3,12,4,Thursday,0,Lente,0,0,0,0
2018-03-23,368,289,2018,3,12,5,Friday,1,Lente,0,0,0,0
2018-03-24,214,183,2018,3,12,6,Saturday,1,Lente,0,0,1,1
2018-03-25,206,173,2018,3,12,7,Sunday,0,Lente,0,0,1,1
2018-03-26,491,394,2018,3,13,1,Monday,0,Lente,0,0,1,0
2018-03-27,476,396,2018,3,13,2,Tuesday,0,Lente,0,0,1,0
2018-03-28,347,297,2018,3,13,3,Wednesday,0,Lente,0,0,1,0
2018-03-29,377,323,2018,3,13,4,Thursday,0,Lente,0,0,1,0
2018-03-30,221,187,2018,3,13,5,Friday,1,Lente,1,0,1,0
2018-03-31,205,167,2018,3,13,6,Saturday,1,Lente,0,0,1,1
2018-04-02,229,192,2018,4,14,1,Monday,0,Lente,1,0,1,0
2018-04-03,389,326,2018,4,14,2,Tuesday,0,Lente,0,0,1,0
2018-04-04,363,299,2018,4,14,3,Wednesday,0,Lente,0,0,1,0
2018-04-05,331,271,2018,4,14,4,Thursday,0,Lente,0,0,1,0
2018-04-06,317,274,2018,4,14,5,Friday,1,Lente,0,0,1,0
2018-04-07,187,156,2018,4,14,6,Saturday,1,Lente,0,0,1,1
2018-04-08,182,147,2018,4,14,7,Sunday,0,Lente,0,0,1,1
2018-04-09,431,366,2018,4,15,1,Monday,0,Lente,0,0,1,0
2018-04-10,395,333,2018,4,15,2,Tuesday,0,Lente,0,0,1,0
2018-04-11,404,327,2018,4,15,3,Wednesday,0,Lente,0,0,1,0
2018-04-12,301,267,2018,4,15,4,Thursday,0,Lente,0,0,1,0
2018-04-13,278,240,2018,4,15,5,Friday,1,Lente,0,0,1,0
2018-04-14,186,151,2018,4,15,6,Saturday,1,Lente,0,0,0,1
2018-04-15,185,150,2018,4,15,7,Sunday,0,Lente,0,0,0,1
2018-04-16,530,425,2018,4,16,1,Monday,0,Lente,0,0,0,0
2018-04-17,466,394,2018,4,16,2,Tuesday,0,Lente,0,0,0,0
2018-04-18,411,348,2018,4,16,3,Wednesday,0,Lente,0,0,0,0
2018-04-19,303,262,2018,4,16,4,Thursday,0,Lente,0,0,0,0
2018-04-20,318,265,2018,4,16,5,Friday,1,Lente,0,0,0,0
2018-04-21,194,158,2018,4,16,6,Saturday,1,Lente,0,0,0,1
2018-04-22,200,173,2018,4,16,7,Sunday,0,Lente,0,0,0,1
2018-04-23,524,432,2018,4,17,1,Monday,0,Lente,0,0,0,0
2018-04-24,470,392,2018,4,17,2,Tuesday,0,Lente,0,0,0,0
2018-04-25,470,401,2018,4,17,3,Wednesday,0,Lente,0,0,0,0
2018-04-26,387,327,2018,4,17,4,Thursday,0,Lente,0,0,0,0
2018-04-28,230,184,2018,4,17,6,Saturday,1,Lente,0,0,0,1
2018-04-29,236,196,2018,4,17,7,Sunday,0,Lente,0,0,0,1
2018-04-30,467,387,2018,4,18,1,Monday,0,Lente,0,0,0,0
2018-05-01,443,362,2018,5,18,2,Tuesday,0,Lente,0,0,0,0
2018-05-02,471,375,2018,5,18,3,Wednesday,0,Lente,0,0,0,0
2018-05-03,353,294,2018,5,18,4,Thursday,0,Lente,0,0,0,0
2018-05-04,330,259,2018,5,18,5,Friday,1,Lente,0,0,0,0
2018-05-06,230,184,2018,5,18,7,Sunday,0,Lente,0,0,0,1
2018-05-07,480,403,2018,5,19,1,Monday,0,Lente,0,0,0,0
2018-05-08,437,353,2018,5,19,2,Tuesday,0,Lente,0,0,0,0
2018-05-09,429,359,2018,5,19,3,Wednesday,0,Lente,0,0,0,0
2018-05-10,213,184,2018,5,19,4,Thursday,0,Lente,1,0,0,0
2018-05-11,326,272,2018,5,19,5,Friday,1,Lente,0,0,0,0
2018-05-12,204,160,2018,5,19,6,Saturday,1,Lente,0,0,0,1
2018-05-13,206,172,2018,5,19,7,Sunday,0,Lente,0,0,0,1
2018-05-14,474,401,2018,5,20,1,Monday,0,Lente,0,0,0,0
2018-05-15,454,382,2018,5,20,2,Tuesday,0,Lente,0,0,0,0
2018-05-16,513,423,2018,5,20,3,Wednesday,0,Lente,0,0,0,0
2018-05-17,414,344,2018,5,20,4,Thursday,0,Lente,0,0,0,0
2018-05-18,374,310,2018,5,20,5,Friday,1,Lente,0,0,0,0
2018-05-19,205,167,2018,5,20,6,Saturday,1,Lente,0,0,0,1
2018-05-21,260,217,2018,5,21,1,Monday,0,Lente,1,0,0,0
2018-05-22,474,404,2018,5,21,2,Tuesday,0,Lente,0,0,0,0
2018-05-23,461,396,2018,5,21,3,Wednesday,0,Lente,0,0,0,0
2018-05-24,365,317,2018,5,21,4,Thursday,0,Lente,0,0,0,0
2018-05-25,302,266,2018,5,21,5,Friday,1,Lente,0,0,0,0
2018-05-26,181,150,2018,5,21,6,Saturday,1,Lente,0,0,0,1
2018-05-27,184,162,2018,5,21,7,Sunday,0,Lente,0,0,0,1
2018-05-28,406,346,2018,5,22,1,Monday,0,Lente,0,0,0,0
2018-05-29,420,356,2018,5,22,2,Tuesday,0,Lente,0,0,0,0
2018-05-30,450,384,2018,5,22,3,Wednesday,0,Lente,0,0,0,0
2018-05-31,310,262,2018,5,22,4,Thursday,0,Lente,0,0,0,0
2018-06-01,341,271,2018,6,22,5,Friday,1,Zomer,0,0,0,0
2018-06-02,226,177,2018,6,22,6,Saturday,1,Zomer,0,0,0,1
2018-06-03,232,198,2018,6,22,7,Sunday,0,Zomer,0,0,0,1
2018-06-04,462,397,2018,6,23,1,Monday,0,Zomer,0,0,0,0
2018-06-05,472,382,2018,6,23,2,Tuesday,0,Zomer,0,0,0,0
2018-06-06,399,337,2018,6,23,3,Wednesday,0,Zomer,0,0,0,0
2018-06-07,330,287,2018,6,23,4,Thursday,0,Zomer,0,0,0,0
2018-06-08,292,253,2018,6,23,5,Friday,1,Zomer,0,0,0,0
2018-06-09,187,159,2018,6,23,6,Saturday,1,Zomer,0,0,1,1
2018-06-10,224,184,2018,6,23,7,Sunday,0,Zomer,0,0,1,1
2018-06-11,405,337,2018,6,24,1,Monday,0,Zomer,0,0,1,0
2018-06-12,424,349,2018,6,24,2,Tuesday,0,Zomer,0,0,1,0
2018-06-13,370,305,2018,6,24,3,Wednesday,0,Zomer,0,0,1,0
2018-06-14,346,282,2018,6,24,4,Thursday,0,Zomer,0,0,1,0
2018-06-15,290,242,2018,6,24,5,Friday,1,Zomer,0,0,1,0
2018-06-16,207,176,2018,6,24,6,Saturday,1,Zomer,0,0,1,1
2018-06-17,210,172,2018,6,24,7,Sunday,0,Zomer,0,0,1,1
2018-06-18,362,310,2018,6,25,1,Monday,0,Zomer,0,0,1,0
2018-06-19,370,316,2018,6,25,2,Tuesday,0,Zomer,0,0,1,0
2018-06-20,321,280,2018,6,25,3,Wednesday,0,Zomer,0,0,1,0
2018-06-21,299,258,2018,6,25,4,Thursday,0,Zomer,0,0,1,0
2018-06-22,256,216,2018,6,25,5,Friday,1,Zomer,0,0,1,0
2018-06-23,165,142,2018,6,25,6,Saturday,1,Zomer,0,0,1,1
2018-06-24,168,135,2018,6,25,7,Sunday,0,Zomer,0,0,1,1
2018-06-25,335,281,2018,6,26,1,Monday,0,Zomer,0,0,1,0
2018-06-26,345,281,2018,6,26,2,Tuesday,0,Zomer,0,0,1,0
2018-06-27,283,242,2018,6,26,3,Wednesday,0,Zomer,0,0,1,0
2018-06-28,238,206,2018,6,26,4,Thursday,0,Zomer,0,0,1,0
2018-06-29,222,188,2018,6,26,5,Friday,1,Zomer,0,0,1,0
2018-06-30,99,86,2018,6,26,6,Saturday,1,Zomer,0,0,1,1
2018-07-01,131,105,2018,7,26,7,Sunday,0,Zomer,0,0,1,1
2018-07-02,249,203,2018,7,27,1,Monday,0,Zomer,0,0,1,0
2018-07-03,230,196,2018,7,27,2,Tuesday,0,Zomer,0,0,1,0
2018-07-04,274,229,2018,7,27,3,Wednesday,0,Zomer,0,0,1,0
2018-07-05,234,194,2018,7,27,4,Thursday,0,Zomer,0,0,1,0
2018-07-06,204,176,2018,7,27,5,Friday,1,Zomer,0,0,1,0
2018-07-07,110,91,2018,7,27,6,Saturday,1,Zomer,0,0,1,1
2018-07-09,270,220,2018,7,28,1,Monday,0,Zomer,0,0,1,0
2018-07-10,207,175,2018,7,28,2,Tuesday,0,Zomer,0,0,1,0
2018-07-11,210,178,2018,7,28,3,Wednesday,0,Zomer,0,0,1,0
2018-07-12,169,142,2018,7,28,4,Thursday,0,Zomer,0,0,1,0
2018-07-13,176,143,2018,7,28,5,Friday,1,Zomer,0,0,1,0
2018-07-16,207,175,2018,7,29,1,Monday,0,Zomer,0,1,0,0
2018-07-17,196,175,2018,7,29,2,Tuesday,0,Zomer,0,1,0,0
2018-07-18,172,153,2018,7,29,3,Wednesday,0,Zomer,0,1,0,0
2018-07-19,160,139,2018,7,29,4,Thursday,0,Zomer,0,1,0,0
2018-07-20,151,127,2018,7,29,5,Friday,1,Zomer,0,1,0,0
2018-07-23,197,168,2018,7,30,1,Monday,0,Zomer,0,1,0,0
2018-07-24,140,117,2018,7,30,2,Tuesday,0,Zomer,0,1,0,0
2018-07-25,151,130,2018,7,30,3,Wednesday,0,Zomer,0,1,0,0
2018-07-26,96,86,2018,7,30,4,Thursday,0,Zomer,0,1,0,0
2018-07-27,78,70,2018,7,30,5,Friday,1,Zomer,0,1,0,0
2018-07-30,190,168,2018,7,31,1,Monday,0,Zomer,0,1,0,0
2018-08-01,156,135,2018,8,31,3,Wednesday,0,Zomer,0,1,0,0
2018-08-02,117,106,2018,8,31,4,Thursday,0,Zomer,0,1,0,0
2018-08-03,122,105,2018,8,31,5,Friday,1,Zomer,0,1,0,0
2018-08-06,193,171,2018,8,32,1,Monday,0,Zomer,0,1,0,0
2018-08-07,129,107,2018,8,32,2,Tuesday,0,Zomer,0,1,0,0
2018-08-08,164,135,2018,8,32,3,Wednesday,0,Zomer,0,1,0,0
2018-08-09,140,109,2018,8,32,4,Thursday,0,Zomer,0,1,0,0
2018-08-10,150,117,2018,8,32,5,Friday,1,Zomer,0,1,0,0
2018-08-13,191,165,2018,8,33,1,Monday,0,Zomer,0,1,0,0
2018-08-14,151,131,2018,8,33,2,Tuesday,0,Zomer,0,1,0,0
2018-08-15,12,8,2018,8,33,3,Wednesday,0,Zomer,0,1,0,0
2018-08-16,53,50,2018,8,33,4,Thursday,0,Zomer,0,1,0,0
2018-08-17,72,64,2018,8,33,5,Friday,1,Zomer,0,1,0,0
2018-08-20,6,6,2018,8,34,1,Monday,0,Zomer,0,1,0,0
2018-08-21,69,62,2018,8,34,2,Tuesday,0,Zomer,0,1,0,0
2018-08-22,92,87,2018,8,34,3,Wednesday,0,Zomer,0,1,0,0
2018-08-23,66,59,2018,8,34,4,Thursday,0,Zomer,0,1,0,0
2018-08-24,63,55,2018,8,34,5,Friday,1,Zomer,0,1,0,0
2018-08-25,29,26,2018,8,34,6,Saturday,1,Zomer,0,1,0,1
2018-08-26,33,31,2018,8,34,7,Sunday,0,Zomer,0,1,0,1
2018-08-27,58,55,2018,8,35,1,Monday,0,Zomer,0,1,0,0
2018-08-28,55,49,2018,8,35,2,Tuesday,0,Zomer,0,1,0,0
2018-08-29,68,67,2018,8,35,3,Wednesday,0,Zomer,0,1,0,0
2018-08-30,49,47,2018,8,35,4,Thursday,0,Zomer,0,1,0,0
2018-08-31,65,57,2018,8,35,5,Friday,1,Zomer,0,1,0,0
2018-09-01,46,39,2018,9,35,6,Saturday,1,Herfst,0,1,0,1
2018-09-02,30,28,2018,9,35,7,Sunday,0,Herfst,0,1,0,1
2018-09-03,80,77,2018,9,36,1,Monday,0,Herfst,0,0,0,0
2018-09-04,73,71,2018,9,36,2,Tuesday,0,Herfst,0,0,0,0
2018-09-05,66,63,2018,9,36,3,Wednesday,0,Herfst,0,0,0,0
2018-09-06,89,83,2018,9,36,4,Thursday,0,Herfst,0,0,0,0
2018-09-07,85,73,2018,9,36,5,Friday,1,Herfst,0,0,0,0
2018-09-08,55,48,2018,9,36,6,Saturday,1,Herfst,0,0,0,1
2018-09-09,44,38,2018,9,36,7,Sunday,0,Herfst,0,0,0,1
2018-09-10,111,94,2018,9,37,1,Monday,0,Herfst,0,0,0,0
2018-09-11,87,75,2018,9,37,2,Tuesday,0,Herfst,0,0,0,0
2018-09-12,88,81,2018,9,37,3,Wednesday,0,Herfst,0,0,0,0
2018-09-13,100,93,2018,9,37,4,Thursday,0,Herfst,0,0,0,0
2018-09-14,129,114,2018,9,37,5,Friday,1,Herfst,0,0,0,0
2018-09-15,78,69,2018,9,37,6,Saturday,1,Herfst,0,0,0,1
2018-09-16,68,63,2018,9,37,7,Sunday,0,Herfst,0,0,0,1
2018-09-17,191,171,2018,9,38,1,Monday,0,Herfst,0,0,0,0
2018-09-18,144,128,2018,9,38,2,Tuesday,0,Herfst,0,0,0,0
2018-09-19,15,15,2018,9,38,3,Wednesday,0,Herfst,0,0,0,0
2018-09-20,93,87,2018,9,38,4,Thursday,0,Herfst,0,0,0,0
2018-09-21,80,74,2018,9,38,5,Friday,1,Herfst,0,0,0,0
2018-09-23,19,17,2018,9,38,7,Sunday,0,Herfst,0,0,0,1
2018-09-24,93,88,2018,9,39,1,Monday,0,Herfst,0,0,0,0
2018-09-25,364,270,2018,9,39,2,Tuesday,0,Herfst,0,0,0,0
2018-09-26,447,328,2018,9,39,3,Wednesday,0,Herfst,0,0,0,0
2018-09-27,389,306,2018,9,39,4,Thursday,0,Herfst,0,0,0,0
2018-09-28,324,250,2018,9,39,5,Friday,1,Herfst,0,0,0,0
2018-09-29,221,154,2018,9,39,6,Saturday,1,Herfst,0,0,0,1
2018-09-30,186,143,2018,9,39,7,Sunday,0,Herfst,0,0,0,1
2018-10-01,460,347,2018,10,40,1,Monday,0,Herfst,0,0,0,0
2018-10-02,437,359,2018,10,40,2,Tuesday,0,Herfst,0,0,0,0
2018-10-03,437,344,2018,10,40,3,Wednesday,0,Herfst,0,0,0,0
2018-10-04,411,329,2018,10,40,4,Thursday,0,Herfst,0,0,0,0
2018-10-05,356,276,2018,10,40,5,Friday,1,Herfst,0,0,0,0
2018-10-06,224,169,2018,10,40,6,Saturday,1,Herfst,0,0,0,1
2018-10-07,183,133,2018,10,40,7,Sunday,0,Herfst,0,0,0,1
2018-10-08,529,406,2018,10,41,1,Monday,0,Herfst,0,0,0,0
2018-10-09,502,406,2018,10,41,2,Tuesday,0,Herfst,0,0,0,0
2018-10-10,451,369,2018,10,41,3,Wednesday,0,Herfst,0,0,0,0
2018-10-11,424,334,2018,10,41,4,Thursday,0,Herfst,0,0,0,0
2018-10-12,362,292,2018,10,41,5,Friday,1,Herfst,0,0,0,0
2018-10-13,195,156,2018,10,41,6,Saturday,1,Herfst,0,0,0,1
2018-10-14,204,162,2018,10,41,7,Sunday,0,Herfst,0,0,0,1
2018-10-15,534,438,2018,10,42,1,Monday,0,Herfst,0,0,0,0
2018-10-16,422,349,2018,10,42,2,Tuesday,0,Herfst,0,0,0,0
2018-10-17,466,395,2018,10,42,3,Wednesday,0,Herfst,0,0,0,0
2018-10-18,464,369,2018,10,42,4,Thursday,0,Herfst,0,0,0,0
2018-10-19,358,289,2018,10,42,5,Friday,1,Herfst,0,0,0,0
2018-10-20,212,169,2018,10,42,6,Saturday,1,Herfst,0,0,0,1
2018-10-21,199,169,2018,10,42,7,Sunday,0,Herfst,0,0,0,1
2018-10-22,452,370,2018,10,43,1,Monday,0,Herfst,0,0,0,0
2018-10-23,362,300,2018,10,43,2,Tuesday,0,Herfst,0,0,0,0
2018-10-24,406,336,2018,10,43,3,Wednesday,0,Herfst,0,0,0,0
2018-10-25,373,302,2018,10,43,4,Thursday,0,Herfst,0,0,0,0
2018-10-26,302,254,2018,10,43,5,Friday,1,Herfst,0,0,0,0
2018-10-27,253,211,2018,10,43,6,Saturday,1,Herfst,0,0,1,1
2018-10-28,195,155,2018,10,43,7,Sunday,0,Herfst,0,0,1,1
2018-10-29,380,315,2018,10,44,1,Monday,0,Herfst,0,0,1,0
2018-10-30,447,360,2018,10,44,2,Tuesday,0,Herfst,0,0,1,0
2018-10-31,380,317,2018,10,44,3,Wednesday,0,Herfst,0,0,1,0
2018-11-01,326,272,2018,11,44,4,Thursday,0,Herfst,0,0,1,0
2018-11-02,340,269,2018,11,44,5,Friday,1,Herfst,0,0,1,0
2018-11-03,144,119,2018,11,44,6,Saturday,1,Herfst,0,0,1,1
2018-11-04,195,150,2018,11,44,7,Sunday,0,Herfst,0,0,1,1
2018-11-05,429,358,2018,11,45,1,Monday,0,Herfst,0,0,1,0
2018-11-06,379,316,2018,11,45,2,Tuesday,0,Herfst,0,0,1,0
2018-11-07,402,330,2018,11,45,3,Wednesday,0,Herfst,0,0,1,0
2018-11-08,304,256,2018,11,45,4,Thursday,0,Herfst,0,0,1,0
2018-11-09,286,237,2018,11,45,5,Friday,1,Herfst,0,0,1,0
2018-11-10,191,151,2018,11,45,6,Saturday,1,Herfst,0,0,0,1
2018-11-11,230,187,2018,11,45,7,Sunday,0,Herfst,0,0,0,1
2018-11-12,480,408,2018,11,46,1,Monday,0,Herfst,0,0,0,0
2018-11-13,460,386,2018,11,46,2,Tuesday,0,Herfst,0,0,0,0
2018-11-14,472,405,2018,11,46,3,Wednesday,0,Herfst,0,0,0,0
2018-11-15,440,377,2018,11,46,4,Thursday,0,Herfst,0,0,0,0
2018-11-16,329,267,2018,11,46,5,Friday,1,Herfst,0,0,0,0
2018-11-17,231,181,2018,11,46,6,Saturday,1,Herfst,0,0,0,1
2018-11-18,228,195,2018,11,46,7,Sunday,0,Herfst,0,0,0,1
2018-11-19,526,451,2018,11,47,1,Monday,0,Herfst,0,0,0,0
2018-11-20,490,406,2018,11,47,2,Tuesday,0,Herfst,0,0,0,0
2018-11-21,476,407,2018,11,47,3,Wednesday,0,Herfst,0,0,0,0
2018-11-22,432,372,2018,11,47,4,Thursday,0,Herfst,0,0,0,0
2018-11-23,354,282,2018,11,47,5,Friday,1,Herfst,0,0,0,0
2018-11-24,198,170,2018,11,47,6,Saturday,1,Herfst,0,0,0,1
2018-11-25,219,172,2018,11,47,7,Sunday,0,Herfst,0,0,0,1
2018-11-26,533,442,2018,11,48,1,Monday,0,Herfst,0,0,0,0
2018-11-27,482,412,2018,11,48,2,Tuesday,0,Herfst,0,0,0,0
2018-11-28,445,385,2018,11,48,3,Wednesday,0,Herfst,0,0,0,0
2018-11-29,413,351,2018,11,48,4,Thursday,0,Herfst,0,0,0,0
2018-11-30,391,315,2018,11,48,5,Friday,1,Herfst,0,0,0,0
2018-12-01,181,147,2018,12,48,6,Saturday,1,Winter,0,0,0,1
2018-12-02,201,172,2018,12,48,7,Sunday,0,Winter,0,0,0,1
2018-12-03,510,415,2018,12,49,1,Monday,0,Winter,0,0,0,0
2018-12-04,479,413,2018,12,49,2,Tuesday,0,Winter,0,0,0,0
2018-12-05,462,392,2018,12,49,3,Wednesday,0,Winter,0,0,0,0
2018-12-06,395,336,2018,12,49,4,Thursday,0,Winter,0,0,0,0
2018-12-07,325,264,2018,12,49,5,Friday,1,Winter,0,0,0,0
2018-12-08,189,153,2018,12,49,6,Saturday,1,Winter,0,0,0,1
2018-12-09,217,177,2018,12,49,7,Sunday,0,Winter,0,0,0,1
2018-12-10,468,403,2018,12,50,1,Monday,0,Winter,0,0,0,0
2018-12-11,512,428,2018,12,50,2,Tuesday,0,Winter,0,0,0,0
2018-12-12,476,380,2018,12,50,3,Wednesday,0,Winter,0,0,0,0
2018-12-13,350,289,2018,12,50,4,Thursday,0,Winter,0,0,0,0
2018-12-14,361,298,2018,12,50,5,Friday,1,Winter,0,0,0,0
2018-12-15,177,138,2018,12,50,6,Saturday,1,Winter,0,0,0,1
2018-12-16,181,149,2018,12,50,7,Sunday,0,Winter,0,0,0,1
2018-12-17,441,364,2018,12,51,1,Monday,0,Winter,0,0,0,0
2018-12-18,353,291,2018,12,51,2,Tuesday,0,Winter,0,0,0,0
2018-12-19,206,166,2018,12,51,3,Wednesday,0,Winter,0,0,0,0
2018-12-20,217,184,2018,12,51,4,Thursday,0,Winter,0,0,0,0
2018-12-21,209,166,2018,12,51,5,Friday,1,Winter,0,0,0,0
2018-12-22,96,78,2018,12,51,6,Saturday,1,Winter,0,1,0,1
2018-12-23,114,90,2018,12,51,7,Sunday,0,Winter,0,1,0,1
2018-12-24,93,81,2018,12,52,1,Monday,0,Winter,0,1,0,0
2018-12-26,59,46,2018,12,52,3,Wednesday,0,Winter,1,1,0,0
2018-12-27,99,84,2018,12,52,4,Thursday,0,Winter,0,1,0,0
2018-12-28,122,101,2018,12,52,5,Friday,1,Winter,0,1,0,0
2018-12-29,100,86,2018,12,52,6,Saturday,1,Winter,0,1,0,1
2018-12-30,136,111,2018,12,52,7,Sunday,0,Winter,0,1,0,1
2019-01-02,165,143,2019,1,1,3,Wednesday,0,Winter,0,1,0,0
2019-01-03,178,150,2019,1,1,4,Thursday,0,Winter,0,1,0,0
2019-01-04,177,142,2019,1,1,5,Friday,1,Winter,0,1,0,0
2019-01-05,183,148,2019,1,1,6,Saturday,1,Winter,0,1,0,1
2019-01-06,233,142,2019,1,1,7,Sunday,0,Winter,0,1,0,1
2019-01-07,584,352,2019,1,2,1,Monday,0,Winter,0,0,0,0
2019-01-08,497,339,2019,1,2,2,Tuesday,0,Winter,0,0,0,0
2019-01-09,547,389,2019,1,2,3,Wednesday,0,Winter,0,0,0,0
2019-01-10,407,288,2019,1,2,4,Thursday,0,Winter,0,0,0,0
2019-01-11,497,351,2019,1,2,5,Friday,1,Winter,0,0,0,0
2019-01-12,293,197,2019,1,2,6,Saturday,1,Winter,0,0,1,1
2019-01-13,291,209,2019,1,2,7,Sunday,0,Winter,0,0,1,1
2019-01-14,560,402,2019,1,3,1,Monday,0,Winter,0,0,1,0
2019-01-15,538,391,2019,1,3,2,Tuesday,0,Winter,0,0,1,0
2019-01-16,472,375,2019,1,3,3,Wednesday,0,Winter,0,0,1,0
2019-01-17,396,328,2019,1,3,4,Thursday,0,Winter,0,0,1,0
2019-01-18,384,313,2019,1,3,5,Friday,1,Winter,0,0,1,0
2019-01-19,262,205,2019,1,3,6,Saturday,1,Winter,0,0,1,1
2019-01-20,215,185,2019,1,3,7,Sunday,0,Winter,0,0,1,1
2019-01-21,404,342,2019,1,4,1,Monday,0,Winter,0,0,1,0
2019-01-22,389,325,2019,1,4,2,Tuesday,0,Winter,0,0,1,0
2019-01-23,423,339,2019,1,4,3,Wednesday,0,Winter,0,0,1,0
2019-01-24,334,284,2019,1,4,4,Thursday,0,Winter,0,0,1,0
2019-01-25,275,223,2019,1,4,5,Friday,1,Winter,0,0,1,0
2019-01-26,221,195,2019,1,4,6,Saturday,1,Winter,0,0,1,1
2019-01-27,215,184,2019,1,4,7,Sunday,0,Winter,0,0,1,1
2019-01-28,387,328,2019,1,5,1,Monday,0,Winter,0,0,1,0
2019-01-29,377,320,2019,1,5,2,Tuesday,0,Winter,0,0,1,0
2019-01-30,378,313,2019,1,5,3,Wednesday,0,Winter,0,0,1,0
2019-01-31,332,272,2019,1,5,4,Thursday,0,Winter,0,0,1,0
2019-02-01,251,203,2019,2,5,5,Friday,1,Winter,0,0,1,0
2019-02-02,177,149,2019,2,5,6,Saturday,1,Winter,0,0,0,1
2019-02-03,187,152,2019,2,5,7,Sunday,0,Winter,0,0,0,1
2019-02-04,478,407,2019,2,6,1,Monday,0,Winter,0,0,0,0
2019-02-05,521,421,2019,2,6,2,Tuesday,0,Winter,0,0,0,0
2019-02-06,488,412,2019,2,6,3,Wednesday,0,Winter,0,0,0,0
2019-02-07,420,361,2019,2,6,4,Thursday,0,Winter,0,0,0,0
2019-02-08,388,322,2019,2,6,5,Friday,1,Winter,0,0,0,0
2019-02-09,208,171,2019,2,6,6,Saturday,1,Winter,0,0,0,1
2019-02-10,250,197,2019,2,6,7,Sunday,0,Winter,0,0,0,1
2019-02-11,542,473,2019,2,7,1,Monday,0,Winter,0,0,0,0
2019-02-12,546,464,2019,2,7,2,Tuesday,0,Winter,0,0,0,0
2019-02-13,560,482,2019,2,7,3,Wednesday,0,Winter,0,0,0,0
2019-02-14,395,342,2019,2,7,4,Thursday,0,Winter,0,0,0,0
2019-02-15,366,288,2019,2,7,5,Friday,1,Winter,0,0,0,0
2019-02-16,239,200,2019,2,7,6,Saturday,1,Winter,0,0,0,1
2019-02-17,199,178,2019,2,7,7,Sunday,0,Winter,0,0,0,1
2019-02-18,538,447,2019,2,8,1,Monday,0,Winter,0,0,0,0
2019-02-19,483,414,2019,2,8,2,Tuesday,0,Winter,0,0,0,0
2019-02-20,475,396,2019,2,8,3,Wednesday,0,Winter,0,0,0,0
2019-02-21,455,364,2019,2,8,4,Thursday,0,Winter,0,0,0,0
2019-02-22,398,325,2019,2,8,5,Friday,1,Winter,0,0,0,0
2019-02-23,229,187,2019,2,8,6,Saturday,1,Winter,0,0,0,1
2019-02-24,202,161,2019,2,8,7,Sunday,0,Winter,0,0,0,1
2019-02-25,576,482,2019,2,9,1,Monday,0,Winter,0,0,0,0
2019-02-26,554,468,2019,2,9,2,Tuesday,0,Winter,0,0,0,0
2019-02-27,521,438,2019,2,9,3,Wednesday,0,Winter,0,0,0,0
2019-02-28,425,364,2019,2,9,4,Thursday,0,Winter,0,0,0,0
2019-03-01,446,358,2019,3,9,5,Friday,1,Lente,0,0,0,0
2019-03-02,255,205,2019,3,9,6,Saturday,1,Lente,0,0,0,1
2019-03-03,212,170,2019,3,9,7,Sunday,0,Lente,0,0,0,1
2019-03-04,552,458,2019,3,10,1,Monday,0,Lente,0,0,0,0
2019-03-05,534,450,2019,3,10,2,Tuesday,0,Lente,0,0,0,0
2019-03-06,539,458,2019,3,10,3,Wednesday,0,Lente,0,0,0,0
2019-03-07,456,389,2019,3,10,4,Thursday,0,Lente,0,0,0,0
2019-03-08,401,340,2019,3,10,5,Friday,1,Lente,0,0,0,0
2019-03-09,244,201,2019,3,10,6,Saturday,1,Lente,0,0,0,1
2019-03-10,217,173,2019,3,10,7,Sunday,0,Lente,0,0,0,1
2019-03-11,530,452,2019,3,11,1,Monday,0,Lente,0,0,0,0
2019-03-12,528,446,2019,3,11,2,Tuesday,0,Lente,0,0,0,0
2019-03-13,493,423,2019,3,11,3,Wednesday,0,Lente,0,0,0,0
2019-03-14,467,398,2019,3,11,4,Thursday,0,Lente,0,0,0,0
2019-03-15,383,321,2019,3,11,5,Friday,1,Lente,0,0,0,0
2019-03-16,240,208,2019,3,11,6,Saturday,1,Lente,0,0,0,1
2019-03-17,241,205,2019,3,11,7,Sunday,0,Lente,0,0,0,1
2019-03-18,563,473,2019,3,12,1,Monday,0,Lente,0,0,0,0
2019-03-19,560,480,2019,3,12,2,Tuesday,0,Lente,0,0,0,0
2019-03-20,548,470,2019,3,12,3,Wednesday,0,Lente,0,0,0,0
2019-03-21,461,391,2019,3,12,4,Thursday,0,Lente,0,0,0,0
2019-03-22,386,319,2019,3,12,5,Friday,1,Lente,0,0,0,0
2019-03-23,269,222,2019,3,12,6,Saturday,1,Lente,0,0,1,1
2019-03-24,242,189,2019,3,12,7,Sunday,0,Lente,0,0,1,1
2019-03-25,559,460,2019,3,13,1,Monday,0,Lente,0,0,1,0
2019-03-26,501,425,2019,3,13,2,Tuesday,0,Lente,0,0,1,0
2019-03-27,507,421,2019,3,13,3,Wednesday,0,Lente,0,0,1,0
2019-03-28,476,392,2019,3,13,4,Thursday,0,Lente,0,0,1,0
2019-03-29,421,346,2019,3,13,5,Friday,1,Lente,0,0,1,0
2019-03-30,243,199,2019,3,13,6,Saturday,1,Lente,0,0,1,1
2019-03-31,198,171,2019,3,13,7,Sunday,0,Lente,0,0,1,1
2019-04-01,475,388,2019,4,14,1,Monday,0,Lente,0,0,1,0
2019-04-02,414,354,2019,4,14,2,Tuesday,0,Lente,0,0,1,0
2019-04-03,455,389,2019,4,14,3,Wednesday,0,Lente,0,0,1,0
2019-04-04,399,341,2019,4,14,4,Thursday,0,Lente,0,0,1,0
2019-04-05,382,333,2019,4,14,5,Friday,1,Lente,0,0,1,0
2019-04-06,242,192,2019,4,14,6,Saturday,1,Lente,0,0,1,1
2019-04-07,179,150,2019,4,14,7,Sunday,0,Lente,0,0,1,1
2019-04-08,438,366,2019,4,15,1,Monday,0,Lente,0,0,1,0
2019-04-09,429,372,2019,4,15,2,Tuesday,0,Lente,0,0,1,0
2019-04-10,368,314,2019,4,15,3,Wednesday,0,Lente,0,0,1,0
2019-04-11,396,333,2019,4,15,4,Thursday,0,Lente,0,0,1,0
2019-04-12,388,317,2019,4,15,5,Friday,1,Lente,0,0,1,0
2019-04-13,200,163,2019,4,15,6,Saturday,1,Lente,0,0,0,1
2019-04-14,228,194,2019,4,15,7,Sunday,0,Lente,0,0,0,1
2019-04-15,529,423,2019,4,16,1,Monday,0,Lente,0,0,0,0
2019-04-16,497,407,2019,4,16,2,Tuesday,0,Lente,0,0,0,0
2019-04-17,482,399,2019,4,16,3,Wednesday,0,Lente,0,0,0,0
2019-04-18,392,325,2019,4,16,4,Thursday,0,Lente,0,0,0,0
2019-04-19,193,168,2019,4,16,5,Friday,1,Lente,1,0,0,0
2019-04-20,197,162,2019,4,16,6,Saturday,1,Lente,0,0,0,1
2019-04-21,162,126,2019,4,16,7,Sunday,0,Lente,1,0,0,1
2019-04-22,261,206,2019,4,17,1,Monday,0,Lente,1,0,0,0
2019-04-23,534,433,2019,4,17,2,Tuesday,0,Lente,0,0,0,0
2019-04-24,420,360,2019,4,17,3,Wednesday,0,Lente,0,0,0,0
2019-04-25,454,374,2019,4,17,4,Thursday,0,Lente,0,0,0,0
2019-04-26,395,327,2019,4,17,5,Friday,1,Lente,0,0,0,0
2019-04-28,208,172,2019,4,17,7,Sunday,0,Lente,0,0,0,1
2019-04-29,473,391,2019,4,18,1,Monday,0,Lente,0,0,0,0
2019-04-30,436,364,2019,4,18,2,Tuesday,0,Lente,0,0,0,0
2019-05-01,454,370,2019,5,18,3,Wednesday,0,Lente,0,0,0,0
2019-05-02,445,368,2019,5,18,4,Thursday,0,Lente,0,0,0,0
2019-05-03,351,281,2019,5,18,5,Friday,1,Lente,0,0,0,0
2019-05-04,249,209,2019,5,18,6,Saturday,1,Lente,0,0,0,1
2019-05-06,592,488,2019,5,19,1,Monday,0,Lente,0,0,0,0
2019-05-07,537,435,2019,5,19,2,Tuesday,0,Lente,0,0,0,0
2019-05-08,545,452,2019,5,19,3,Wednesday,0,Lente,0,0,0,0
2019-05-09,493,396,2019,5,19,4,Thursday,0,Lente,0,0,0,0
2019-05-10,436,342,2019,5,19,5,Friday,1,Lente,0,0,0,0
2019-05-11,203,169,2019,5,19,6,Saturday,1,Lente,0,0,0,1
2019-05-12,194,164,2019,5,19,7,Sunday,0,Lente,0,0,0,1
2019-05-13,591,496,2019,5,20,1,Monday,0,Lente,0,0,0,0
2019-05-14,566,465,2019,5,20,2,Tuesday,0,Lente,0,0,0,0
2019-05-15,504,417,2019,5,20,3,Wednesday,0,Lente,0,0,0,0
2019-05-16,480,395,2019,5,20,4,Thursday,0,Lente,0,0,0,0
2019-05-17,393,321,2019,5,20,5,Friday,1,Lente,0,0,0,0
2019-05-18,228,193,2019,5,20,6,Saturday,1,Lente,0,0,0,1
2019-05-19,226,186,2019,5,20,7,Sunday,0,Lente,0,0,0,1
2019-05-20,562,480,2019,5,21,1,Monday,0,Lente,0,0,0,0
2019-05-21,532,450,2019,5,21,2,Tuesday,0,Lente,0,0,0,0
2019-05-22,527,430,2019,5,21,3,Wednesday,0,Lente,0,0,0,0
2019-05-23,421,359,2019,5,21,4,Thursday,0,Lente,0,0,0,0
2019-05-24,401,332,2019,5,21,5,Friday,1,Lente,0,0,0,0
2019-05-25,199,178,2019,5,21,6,Saturday,1,Lente,0,0,0,1
2019-05-26,211,170,2019,5,21,7,Sunday,0,Lente,0,0,0,1
2019-05-27,572,479,2019,5,22,1,Monday,0,Lente,0,0,0,0
2019-05-28,476,396,2019,5,22,2,Tuesday,0,Lente,0,0,0,0
2019-05-29,472,379,2019,5,22,3,Wednesday,0,Lente,0,0,0,0
2019-05-30,263,226,2019,5,22,4,Thursday,0,Lente,1,0,0,0
2019-05-31,384,314,2019,5,22,5,Friday,1,Lente,0,0,0,0
2019-06-01,230,192,2019,6,22,6,Saturday,1,Zomer,0,0,0,1
2019-06-02,178,139,2019,6,22,7,Sunday,0,Zomer,0,0,0,1
2019-06-03,503,426,2019,6,23,1,Monday,0,Zomer,0,0,0,0
2019-06-04,511,424,2019,6,23,2,Tuesday,0,Zomer,0,0,0,0
2019-06-05,518,418,2019,6,23,3,Wednesday,0,Zomer,0,0,0,0
2019-06-06,401,334,2019,6,23,4,Thursday,0,Zomer,0,0,0,0
2019-06-07,377,310,2019,6,23,5,Friday,1,Zomer,0,0,0,0
2019-06-08,235,196,2019,6,23,6,Saturday,1,Zomer,0,0,0,1
2019-06-09,205,166,2019,6,23,7,Sunday,0,Zomer,0,0,1,1
2019-06-10,251,212,2019,6,24,1,Monday,0,Zomer,1,0,1,0
2019-06-11,412,347,2019,6,24,2,Tuesday,0,Zomer,0,0,1,0
2019-06-12,416,339,2019,6,24,3,Wednesday,0,Zomer,0,0,1,0
2019-06-13,382,316,2019,6,24,4,Thursday,0,Zomer,0,0,1,0
2019-06-14,340,284,2019,6,24,5,Friday,1,Zomer,0,0,1,0
2019-06-15,233,188,2019,6,24,6,Saturday,1,Zomer,0,0,1,1
2019-06-16,211,177,2019,6,24,7,Sunday,0,Zomer,0,0,1,1
2019-06-17,411,348,2019,6,25,1,Monday,0,Zomer,0,0,1,0
2019-06-18,390,329,2019,6,25,2,Tuesday,0,Zomer,0,0,1,0
2019-06-19,365,312,2019,6,25,3,Wednesday,0,Zomer,0,0,1,0
2019-06-20,368,323,2019,6,25,4,Thursday,0,Zomer,0,0,1,0
2019-06-21,344,287,2019,6,25,5,Friday,1,Zomer,0,0,1,0
2019-06-22,222,181,2019,6,25,6,Saturday,1,Zomer,0,0,1,1
2019-06-23,161,134,2019,6,25,7,Sunday,0,Zomer,0,0,1,1
2019-06-24,369,299,2019,6,26,1,Monday,0,Zomer,0,0,1,0
2019-06-25,265,225,2019,6,26,2,Tuesday,0,Zomer,0,0,1,0
2019-06-26,326,279,2019,6,26,3,Wednesday,0,Zomer,0,0,1,0
2019-06-27,298,240,2019,6,26,4,Thursday,0,Zomer,0,0,1,0
2019-06-28,283,232,2019,6,26,5,Friday,1,Zomer,0,0,1,0
2019-06-29,163,136,2019,6,26,6,Saturday,1,Zomer,0,1,0,1
2019-06-30,146,130,2019,6,26,7,Sunday,0,Zomer,0,1,0,1
2019-07-01,330,275,2019,7,27,1,Monday,0,Zomer,0,1,0,0
2019-07-02,288,250,2019,7,27,2,Tuesday,0,Zomer,0,1,0,0
2019-07-03,287,237,2019,7,27,3,Wednesday,0,Zomer,0,1,0,0
2019-07-04,243,209,2019,7,27,4,Thursday,0,Zomer,0,1,0,0
2019-07-05,249,206,2019,7,27,5,Friday,1,Zomer,0,1,0,0
2019-07-06,169,136,2019,7,27,6,Saturday,1,Zomer,0,1,0,1
2019-07-07,59,46,2019,7,27,7,Sunday,0,Zomer,0,1,0,1
2019-07-08,264,225,2019,7,28,1,Monday,0,Zomer,0,1,0,0
2019-07-09,226,189,2019,7,28,2,Tuesday,0,Zomer,0,1,0,0
2019-07-10,218,189,2019,7,28,3,Wednesday,0,Zomer,0,1,0,0
2019-07-11,230,189,2019,7,28,4,Thursday,0,Zomer,0,1,0,0
2019-07-12,182,156,2019,7,28,5,Friday,1,Zomer,0,1,0,0
2019-07-15,225,200,2019,7,29,1,Monday,0,Zomer,0,1,0,0
2019-07-16,207,176,2019,7,29,2,Tuesday,0,Zomer,0,1,0,0
2019-07-17,181,156,2019,7,29,3,Wednesday,0,Zomer,0,1,0,0
2019-07-18,189,158,2019,7,29,4,Thursday,0,Zomer,0,1,0,0
2019-07-19,179,148,2019,7,29,5,Friday,1,Zomer,0,1,0,0
2019-07-22,230,201,2019,7,30,1,Monday,0,Zomer,0,1,0,0
2019-07-23,141,127,2019,7,30,2,Tuesday,0,Zomer,0,1,0,0
2019-07-25,91,79,2019,7,30,4,Thursday,0,Zomer,0,1,0,0
2019-07-26,102,87,2019,7,30,5,Friday,1,Zomer,0,1,0,0
2019-07-29,195,175,2019,7,31,1,Monday,0,Zomer,0,1,0,0
2019-07-30,124,108,2019,7,31,2,Tuesday,0,Zomer,0,1,0,0
2019-07-31,160,141,2019,7,31,3,Wednesday,0,Zomer,0,1,0,0
2019-08-01,170,143,2019,8,31,4,Thursday,0,Zomer,0,1,0,0
2019-08-02,150,125,2019,8,31,5,Friday,1,Zomer,0,1,0,0
2019-08-05,228,193,2019,8,32,1,Monday,0,Zomer,0,1,0,0
2019-08-06,163,146,2019,8,32,2,Tuesday,0,Zomer,0,1,0,0
2019-08-07,149,127,2019,8,32,3,Wednesday,0,Zomer,0,1,0,0
2019-08-08,157,136,2019,8,32,4,Thursday,0,Zomer,0,1,0,0
2019-08-09,145,128,2019,8,32,5,Friday,1,Zomer,0,1,0,0
2019-08-12,219,187,2019,8,33,1,Monday,0,Zomer,0,1,0,0
2019-08-13,165,127,2019,8,33,2,Tuesday,0,Zomer,0,1,0,0
2019-08-14,72,64,2019,8,33,3,Wednesday,0,Zomer,0,1,0,0
2019-08-15,179,150,2019,8,33,4,Thursday,0,Zomer,0,1,0,0
2019-08-16,166,143,2019,8,33,5,Friday,1,Zomer,0,1,0,0
2019-08-19,251,216,2019,8,34,1,Monday,0,Zomer,0,1,0,0
2019-08-20,220,188,2019,8,34,2,Tuesday,0,Zomer,0,1,0,0
2019-08-21,180,148,2019,8,34,3,Wednesday,0,Zomer,0,1,0,0
2019-08-22,193,167,2019,8,34,4,Thursday,0,Zomer,0,1,0,0
2019-08-23,171,151,2019,8,34,5,Friday,1,Zomer,0,1,0,0
2019-08-24,77,65,2019,8,34,6,Saturday,1,Zomer,0,1,0,1
2019-08-25,74,62,2019,8,34,7,Sunday,0,Zomer,0,1,0,1
2019-08-26,233,199,2019,8,35,1,Monday,0,Zomer,0,1,0,0
2019-08-27,208,183,2019,8,35,2,Tuesday,0,Zomer,0,1,0,0
2019-08-28,201,156,2019,8,35,3,Wednesday,0,Zomer,0,1,0,0
2019-08-29,215,176,2019,8,35,4,Thursday,0,Zomer,0,1,0,0
2019-08-30,217,175,2019,8,35,5,Friday,1,Zomer,0,1,0,0
2019-08-31,146,113,2019,8,35,6,Saturday,1,Zomer,0,1,0,1
2019-09-01,126,100,2019,9,35,7,Sunday,0,Herfst,0,1,0,1
2019-09-02,381,277,2019,9,36,1,Monday,0,Herfst,0,1,0,0
2019-09-03,325,271,2019,9,36,2,Tuesday,0,Herfst,0,0,0,0
2019-09-04,363,287,2019,9,36,3,Wednesday,0,Herfst,0,0,0,0
2019-09-05,378,303,2019,9,36,4,Thursday,0,Herfst,0,0,0,0
2019-09-06,316,248,2019,9,36,5,Friday,1,Herfst,0,0,0,0
2019-09-07,197,151,2019,9,36,6,Saturday,1,Herfst,0,0,0,1
2019-09-08,185,147,2019,9,36,7,Sunday,0,Herfst,0,0,0,1
2019-09-09,551,414,2019,9,37,1,Monday,0,Herfst,0,0,0,0
2019-09-10,452,361,2019,9,37,2,Tuesday,0,Herfst,0,0,0,0
2019-09-11,388,318,2019,9,37,3,Wednesday,0,Herfst,0,0,0,0
2019-09-12,413,336,2019,9,37,4,Thursday,0,Herfst,0,0,0,0
2019-09-13,352,292,2019,9,37,5,Friday,1,Herfst,0,0,0,0
2019-09-14,207,164,2019,9,37,6,Saturday,1,Herfst,0,0,0,1
2019-09-15,167,138,2019,9,37,7,Sunday,0,Herfst,0,0,0,1
2019-09-16,554,438,2019,9,38,1,Monday,0,Herfst,0,0,0,0
2019-09-17,447,371,2019,9,38,2,Tuesday,0,Herfst,0,0,0,0
2019-09-18,434,369,2019,9,38,3,Wednesday,0,Herfst,0,0,0,0
2019-09-19,417,346,2019,9,38,4,Thursday,0,Herfst,0,0,0,0
2019-09-20,294,239,2019,9,38,5,Friday,1,Herfst,0,0,0,0
2019-09-21,176,143,2019,9,38,6,Saturday,1,Herfst,0,0,0,1
2019-09-22,196,165,2019,9,38,7,Sunday,0,Herfst,0,0,0,1
2019-09-23,518,434,2019,9,39,1,Monday,0,Herfst,0,0,0,0
2019-09-24,524,430,2019,9,39,2,Tuesday,0,Herfst,0,0,0,0
2019-09-25,473,405,2019,9,39,3,Wednesday,0,Herfst,0,0,0,0
2019-09-26,394,332,2019,9,39,4,Thursday,0,Herfst,0,0,0,0
2019-09-27,364,316,2019,9,39,5,Friday,1,Herfst,0,0,0,0
2019-09-28,201,163,2019,9,39,6,Saturday,1,Herfst,0,0,0,1
2019-09-29,142,118,2019,9,39,7,Sunday,0,Herfst,0,0,0,1
2019-09-30,493,414,2019,9,40,1,Monday,0,Herfst,0,0,0,0
2019-10-01,90,87,2019,10,40,2,Tuesday,0,Herfst,0,0,0,0
2019-10-02,302,251,2019,10,40,3,Wednesday,0,Herfst,0,0,0,0
2019-10-03,365,311,2019,10,40,4,Thursday,0,Herfst,0,0,0,0
2019-10-04,322,281,2019,10,40,5,Friday,1,Herfst,0,0,0,0
2019-10-05,233,195,2019,10,40,6,Saturday,1,Herfst,0,0,0,1
2019-10-06,191,159,2019,10,40,7,Sunday,0,Herfst,0,0,0,1
2019-10-07,528,433,2019,10,41,1,Monday,0,Herfst,0,0,0,0
2019-10-08,512,430,2019,10,41,2,Tuesday,0,Herfst,0,0,0,0
2019-10-09,494,408,2019,10,41,3,Wednesday,0,Herfst,0,0,0,0
2019-10-10,453,387,2019,10,41,4,Thursday,0,Herfst,0,0,0,0
2019-10-11,343,288,2019,10,41,5,Friday,1,Herfst,0,0,0,0
2019-10-12,234,189,2019,10,41,6,Saturday,1,Herfst,0,0,0,1
2019-10-13,217,181,2019,10,41,7,Sunday,0,Herfst,0,0,0,1
2019-10-14,605,489,2019,10,42,1,Monday,0,Herfst,0,0,0,0
2019-10-15,547,445,2019,10,42,2,Tuesday,0,Herfst,0,0,0,0
2019-10-16,523,441,2019,10,42,3,Wednesday,0,Herfst,0,0,0,0
2019-10-17,434,367,2019,10,42,4,Thursday,0,Herfst,0,0,0,0
2019-10-18,336,268,2019,10,42,5,Friday,1,Herfst,0,0,0,0
2019-10-19,221,180,2019,10,42,6,Saturday,1,Herfst,0,0,0,1
2019-10-20,179,157,2019,10,42,7,Sunday,0,Herfst,0,0,0,1
2019-10-21,336,281,2019,10,43,1,Monday,0,Herfst,0,0,0,0
2019-10-22,475,392,2019,10,43,2,Tuesday,0,Herfst,0,0,0,0
2019-10-23,430,362,2019,10,43,3,Wednesday,0,Herfst,0,0,0,0
2019-10-24,394,325,2019,10,43,4,Thursday,0,Herfst,0,0,0,0
2019-10-25,325,273,2019,10,43,5,Friday,1,Herfst,0,0,0,0
2019-10-26,235,201,2019,10,43,6,Saturday,1,Herfst,0,0,1,1
2019-10-27,217,179,2019,10,43,7,Sunday,0,Herfst,0,0,1,1
2019-10-28,480,385,2019,10,44,1,Monday,0,Herfst,0,0,1,0
2019-10-29,452,397,2019,10,44,2,Tuesday,0,Herfst,0,0,1,0
2019-10-30,439,357,2019,10,44,3,Wednesday,0,Herfst,0,0,1,0
2019-10-31,379,326,2019,10,44,4,Thursday,0,Herfst,0,0,1,0
2019-11-01,364,301,2019,11,44,5,Friday,1,Herfst,0,0,1,0
2019-11-02,228,193,2019,11,44,6,Saturday,1,Herfst,0,0,1,1
2019-11-03,228,200,2019,11,44,7,Sunday,0,Herfst,0,0,1,1
2019-11-04,470,398,2019,11,45,1,Monday,0,Herfst,0,0,1,0
2019-11-05,425,356,2019,11,45,2,Tuesday,0,Herfst,0,0,1,0
2019-11-06,416,356,2019,11,45,3,Wednesday,0,Herfst,0,0,1,0
2019-11-07,342,297,2019,11,45,4,Thursday,0,Herfst,0,0,1,0
2019-11-08,369,302,2019,11,45,5,Friday,1,Herfst,0,0,1,0
2019-11-09,187,158,2019,11,45,6,Saturday,1,Herfst,0,0,0,1
2019-11-10,212,172,2019,11,45,7,Sunday,0,Herfst,0,0,0,1
2019-11-11,525,441,2019,11,46,1,Monday,0,Herfst,0,0,0,0
2019-11-12,493,411,2019,11,46,2,Tuesday,0,Herfst,0,0,0,0
2019-11-13,538,443,2019,11,46,3,Wednesday,0,Herfst,0,0,0,0
2019-11-14,413,355,2019,11,46,4,Thursday,0,Herfst,0,0,0,0
2019-11-15,401,327,2019,11,46,5,Friday,1,Herfst,0,0,0,0
2019-11-16,241,192,2019,11,46,6,Saturday,1,Herfst,0,0,0,1
2019-11-17,239,206,2019,11,46,7,Sunday,0,Herfst,0,0,0,1
2019-11-18,566,468,2019,11,47,1,Monday,0,Herfst,0,0,0,0
2019-11-19,588,510,2019,11,47,2,Tuesday,0,Herfst,0,0,0,0
2019-11-20,548,462,2019,11,47,3,Wednesday,0,Herfst,0,0,0,0
2019-11-21,511,429,2019,11,47,4,Thursday,0,Herfst,0,0,0,0
2019-11-22,398,343,2019,11,47,5,Friday,1,Herfst,0,0,0,0
2019-11-23,249,199,2019,11,47,6,Saturday,1,Herfst,0,0,0,1
2019-11-24,217,180,2019,11,47,7,Sunday,0,Herfst,0,0,0,1
2019-11-25,567,481,2019,11,48,1,Monday,0,Herfst,0,0,0,0
2019-11-26,521,459,2019,11,48,2,Tuesday,0,Herfst,0,0,0,0
2019-11-27,510,427,2019,11,48,3,Wednesday,0,Herfst,0,0,0,0
2019-11-28,468,391,2019,11,48,4,Thursday,0,Herfst,0,0,0,0
2019-11-29,332,272,2019,11,48,5,Friday,1,Herfst,0,0,0,0
2019-11-30,203,173,2019,11,48,6,Saturday,1,Herfst,0,0,0,1
2019-12-01,212,167,2019,12,48,7,Sunday,0,Winter,0,0,0,1
2019-12-02,550,456,2019,12,49,1,Monday,0,Winter,0,0,0,0
2019-12-03,490,422,2019,12,49,2,Tuesday,0,Winter,0,0,0,0
2019-12-04,472,399,2019,12,49,3,Wednesday,0,Winter,0,0,0,0
2019-12-05,450,384,2019,12,49,4,Thursday,0,Winter,0,0,0,0
2019-12-06,375,314,2019,12,49,5,Friday,1,Winter,0,0,0,0
2019-12-07,228,184,2019,12,49,6,Saturday,1,Winter,0,0,0,1
2019-12-08,217,190,2019,12,49,7,Sunday,0,Winter,0,0,0,1
2019-12-09,543,461,2019,12,50,1,Monday,0,Winter,0,0,0,0
2019-12-10,502,429,2019,12,50,2,Tuesday,0,Winter,0,0,0,0
2019-12-11,518,422,2019,12,50,3,Wednesday,0,Winter,0,0,0,0
2019-12-12,453,378,2019,12,50,4,Thursday,0,Winter,0,0,0,0
2019-12-13,361,302,2019,12,50,5,Friday,1,Winter,0,0,0,0
2019-12-14,174,145,2019,12,50,6,Saturday,1,Winter,0,0,0,1
2019-12-15,220,179,2019,12,50,7,Sunday,0,Winter,0,0,0,1
2019-12-16,501,420,2019,12,51,1,Monday,0,Winter,0,0,0,0
2019-12-17,390,332,2019,12,51,2,Tuesday,0,Winter,0,0,0,0
2019-12-18,267,230,2019,12,51,3,Wednesday,0,Winter,0,0,0,0
2019-12-19,307,256,2019,12,51,4,Thursday,0,Winter,0,0,0,0
2019-12-20,232,192,2019,12,51,5,Friday,1,Winter,0,0,0,0
2019-12-21,135,105,2019,12,51,6,Saturday,1,Winter,0,1,0,1
2019-12-22,101,69,2019,12,51,7,Sunday,0,Winter,0,1,0,1
2019-12-23,151,126,2019,12,52,1,Monday,0,Winter,0,1,0,0
2019-12-24,128,96,2019,12,52,2,Tuesday,0,Winter,0,1,0,0
2019-12-26,58,46,2019,12,52,4,Thursday,0,Winter,1,1,0,0
2019-12-27,115,88,2019,12,52,5,Friday,1,Winter,0,1,0,0
2019-12-28,100,78,2019,12,52,6,Saturday,1,Winter,0,1,0,1
2019-12-29,78,70,2019,12,52,7,Sunday,0,Winter,0,1,0,1
2019-12-30,170,144,2019,12,1,1,Monday,0,Winter,0,1,0,0
2020-01-02,168,138,2020,1,1,4,Thursday,0,Winter,0,1,0,0
2020-01-03,178,151,2020,1,1,5,Friday,1,Winter,0,1,0,0
2020-01-04,152,125,2020,1,1,6,Saturday,1,Winter,0,1,0,1
2020-01-05,186,153,2020,1,1,7,Sunday,0,Winter,0,1,0,1
2020-01-06,410,343,2020,1,2,1,Monday,0,Winter,0,0,0,0
2020-01-07,429,377,2020,1,2,2,Tuesday,0,Winter,0,0,0,0
2020-01-08,463,392,2020,1,2,3,Wednesday,0,Winter,0,0,0,0
2020-01-09,379,322,2020,1,2,4,Thursday,0,Winter,0,0,0,0
2020-01-10,411,335,2020,1,2,5,Friday,1,Winter,0,0,0,0
2020-01-11,245,200,2020,1,2,6,Saturday,1,Winter,0,0,1,1
2020-01-12,236,195,2020,1,2,7,Sunday,0,Winter,0,0,1,1
2020-01-13,498,419,2020,1,3,1,Monday,0,Winter,0,0,1,0
2020-01-14,459,390,2020,1,3,2,Tuesday,0,Winter,0,0,1,0
2020-01-15,438,352,2020,1,3,3,Wednesday,0,Winter,0,0,1,0
2020-01-16,413,361,2020,1,3,4,Thursday,0,Winter,0,0,1,0
2020-01-17,362,311,2020,1,3,5,Friday,1,Winter,0,0,1,0
2020-01-18,222,187,2020,1,3,6,Saturday,1,Winter,0,0,1,1
2020-01-19,189,165,2020,1,3,7,Sunday,0,Winter,0,0,1,1
2020-01-20,475,393,2020,1,4,1,Monday,0,Winter,0,0,1,0
2020-01-21,371,308,2020,1,4,2,Tuesday,0,Winter,0,0,1,0
2020-01-22,464,371,2020,1,4,3,Wednesday,0,Winter,0,0,1,0
2020-01-23,342,295,2020,1,4,4,Thursday,0,Winter,0,0,1,0
2020-01-24,327,274,2020,1,4,5,Friday,1,Winter,0,0,1,0
2020-01-25,190,150,2020,1,4,6,Saturday,1,Winter,0,0,1,1
2020-01-26,215,184,2020,1,4,7,Sunday,0,Winter,0,0,1,1
2020-01-27,394,330,2020,1,5,1,Monday,0,Winter,0,0,1,0
2020-01-28,320,265,2020,1,5,2,Tuesday,0,Winter,0,0,1,0
2020-01-29,373,304,2020,1,5,3,Wednesday,0,Winter,0,0,1,0
2020-01-30,342,280,2020,1,5,4,Thursday,0,Winter,0,0,1,0
2020-01-31,242,205,2020,1,5,5,Friday,1,Winter,0,0,1,0
2020-02-01,179,149,2020,2,5,6,Saturday,1,Winter,0,0,0,1
2020-02-02,172,142,2020,2,5,7,Sunday,0,Winter,0,0,0,1
2020-02-03,538,466,2020,2,6,1,Monday,0,Winter,0,0,0,0
2020-02-04,497,423,2020,2,6,2,Tuesday,0,Winter,0,0,0,0
2020-02-05,515,440,2020,2,6,3,Wednesday,0,Winter,0,0,0,0
2020-02-06,437,361,2020,2,6,4,Thursday,0,Winter,0,0,0,0
2020-02-07,379,315,2020,2,6,5,Friday,1,Winter,0,0,0,0
2020-02-08,209,157,2020,2,6,6,Saturday,1,Winter,0,0,0,1
2020-02-09,140,115,2020,2,6,7,Sunday,0,Winter,0,0,0,1
2020-02-10,562,455,2020,2,7,1,Monday,0,Winter,0,0,0,0
2020-02-11,573,463,2020,2,7,2,Tuesday,0,Winter,0,0,0,0
2020-02-12,521,431,2020,2,7,3,Wednesday,0,Winter,0,0,0,0
2020-02-13,435,370,2020,2,7,4,Thursday,0,Winter,0,0,0,0
2020-02-14,386,309,2020,2,7,5,Friday,1,Winter,0,0,0,0
2020-02-15,214,187,2020,2,7,6,Saturday,1,Winter,0,0,0,1
2020-02-16,136,111,2020,2,7,7,Sunday,0,Winter,0,0,0,1
2020-02-17,515,428,2020,2,8,1,Monday,0,Winter,0,0,0,0
2020-02-18,458,372,2020,2,8,2,Tuesday,0,Winter,0,0,0,0
2020-02-19,502,419,2020,2,8,3,Wednesday,0,Winter,0,0,0,0
2020-02-20,412,343,2020,2,8,4,Thursday,0,Winter,0,0,0,0
2020-02-21,385,329,2020,2,8,5,Friday,1,Winter,0,0,0,0
2020-02-22,240,193,2020,2,8,6,Saturday,1,Winter,0,0,0,1
2020-02-23,209,179,2020,2,8,7,Sunday,0,Winter,0,0,0,1
2020-02-24,496,405,2020,2,9,1,Monday,0,Winter,0,0,0,0
2020-02-25,551,455,2020,2,9,2,Tuesday,0,Winter,0,0,0,0
2020-02-26,481,410,2020,2,9,3,Wednesday,0,Winter,0,0,0,0
2020-02-27,493,428,2020,2,9,4,Thursday,0,Winter,0,0,0,0
2020-02-28,402,340,2020,2,9,5,Friday,1,Winter,0,0,0,0
2020-02-29,269,227,2020,2,9,6,Saturday,1,Winter,0,0,0,1
2020-03-01,215,183,2020,3,9,7,Sunday,0,Lente,0,0,0,1
2020-03-02,501,411,2020,3,10,1,Monday,0,Lente,0,0,0,0
2020-03-03,532,465,2020,3,10,2,Tuesday,0,Lente,0,0,0,0
2020-03-04,533,438,2020,3,10,3,Wednesday,0,Lente,0,0,0,0
2020-03-05,455,373,2020,3,10,4,Thursday,0,Lente,0,0,0,0
2020-03-06,373,322,2020,3,10,5,Friday,1,Lente,0,0,0,0
2020-03-07,246,205,2020,3,10,6,Saturday,1,Lente,0,0,0,1
2020-03-08,199,169,2020,3,10,7,Sunday,0,Lente,0,0,0,1
2020-03-09,584,490,2020,3,11,1,Monday,0,Lente,0,0,0,0
2020-03-10,508,427,2020,3,11,2,Tuesday,0,Lente,0,0,0,0
2020-03-11,526,433,2020,3,11,3,Wednesday,0,Lente,0,0,0,0
2020-03-12,338,287,2020,3,11,4,Thursday,0,Lente,0,0,0,0
2020-06-30,9,3,2020,6,27,2,Tuesday,0,Zomer,0,0,1,0
2020-07-01,86,85,2020,7,27,3,Wednesday,0,Zomer,0,0,1,0
2020-07-02,73,73,2020,7,27,4,Thursday,0,Zomer,0,0,1,0
2020-07-03,73,72,2020,7,27,5,Friday,1,Zomer,0,0,1,0
2020-07-04,33,33,2020,7,27,6,Saturday,1,Zomer,0,0,1,1
2020-07-05,65,65,2020,7,27,7,Sunday,0,Zomer,0,0,1,1
2020-07-06,82,82,2020,7,28,1,Monday,0,Zomer,0,0,1,0
2020-07-07,90,87,2020,7,28,2,Tuesday,0,Zomer,0,0,1,0
2020-07-08,83,81,2020,7,28,3,Wednesday,0,Zomer,0,0,1,0
2020-07-09,43,42,2020,7,28,4,Thursday,0,Zomer,0,0,1,0
2020-07-10,49,49,2020,7,28,5,Friday,1,Zomer,0,0,1,0
2020-07-13,54,54,2020,7,29,1,Monday,0,Zomer,0,1,0,0
2020-07-14,55,55,2020,7,29,2,Tuesday,0,Zomer,0,1,0,0
2020-07-15,55,52,2020,7,29,3,Wednesday,0,Zomer,0,1,0,0
2020-07-16,59,59,2020,7,29,4,Thursday,0,Zomer,0,1,0,0
2020-07-17,59,58,2020,7,29,5,Friday,1,Zomer,0,1,0,0
2020-07-20,45,43,2020,7,30,1,Monday,0,Zomer,0,1,0,0
2020-07-21,44,44,2020,7,30,2,Tuesday,0,Zomer,0,1,0,0
2020-07-22,51,50,2020,7,30,3,Wednesday,0,Zomer,0,1,0,0
2020-07-23,44,44,2020,7,30,4,Thursday,0,Zomer,0,1,0,0
2020-07-24,42,41,2020,7,30,5,Friday,1,Zomer,0,1,0,0
2020-07-27,39,39,2020,7,31,1,Monday,0,Zomer,0,1,0,0
2020-07-28,25,25,2020,7,31,2,Tuesday,0,Zomer,0,1,0,0
2020-07-29,35,34,2020,7,31,3,Wednesday,0,Zomer,0,1,0,0
2020-07-30,29,29,2020,7,31,4,Thursday,0,Zomer,0,1,0,0
2020-07-31,38,37,2020,7,31,5,Friday,1,Zomer,0,1,0,0
2020-08-03,22,22,2020,8,32,1,Monday,0,Zomer,0,1,0,0
2020-08-04,21,21,2020,8,32,2,Tuesday,0,Zomer,0,1,0,0
2020-08-05,27,27,2020,8,32,3,Wednesday,0,Zomer,0,1,0,0
2020-08-06,21,21,2020,8,32,4,Thursday,0,Zomer,0,1,0,0
2020-08-07,32,32,2020,8,32,5,Friday,1,Zomer,0,1,0,0
2020-08-10,49,49,2020,8,33,1,Monday,0,Zomer,0,1,0,0
2020-08-11,50,50,2020,8,33,2,Tuesday,0,Zomer,0,1,0,0
2020-08-12,61,60,2020,8,33,3,Wednesday,0,Zomer,0,1,0,0
2020-08-13,65,64,2020,8,33,4,Thursday,0,Zomer,0,1,0,0
2020-08-14,83,83,2020,8,33,5,Friday,1,Zomer,0,1,0,0
2020-08-17,48,48,2020,8,34,1,Monday,0,Zomer,0,1,1,0
2020-08-18,95,93,2020,8,34,2,Tuesday,0,Zomer,0,1,1,0
2020-08-19,95,93,2020,8,34,3,Wednesday,0,Zomer,0,1,1,0
2020-08-20,91,91,2020,8,34,4,Thursday,0,Zomer,0,1,1,0
2020-08-21,70,69,2020,8,34,5,Friday,1,Zomer,0,1,1,0
2020-08-24,129,128,2020,8,35,1,Monday,0,Zomer,0,1,1,0
2020-08-25,102,101,2020,8,35,2,Tuesday,0,Zomer,0,1,1,0
2020-08-26,115,115,2020,8,35,3,Wednesday,0,Zomer,0,1,1,0
2020-08-27,114,114,2020,8,35,4,Thursday,0,Zomer,0,1,1,0
2020-08-28,99,99,2020,8,35,5,Friday,1,Zomer,0,1,1,0
2020-08-29,29,29,2020,8,35,6,Saturday,1,Zomer,0,1,0,1
2020-08-30,15,15,2020,8,35,7,Sunday,0,Zomer,0,1,0,1
2020-08-31,176,176,2020,8,36,1,Monday,0,Zomer,0,0,0,0
2020-09-01,135,135,2020,9,36,2,Tuesday,0,Herfst,0,0,0,0
2020-09-02,159,159,2020,9,36,3,Wednesday,0,Herfst,0,0,0,0
2020-09-03,155,153,2020,9,36,4,Thursday,0,Herfst,0,0,0,0
2020-09-04,156,156,2020,9,36,5,Friday,1,Herfst,0,0,0,0
2020-09-05,52,52,2020,9,36,6,Saturday,1,Herfst,0,0,0,1
2020-09-06,60,53,2020,9,36,7,Sunday,0,Herfst,0,0,0,1
2020-09-07,159,159,2020,9,37,1,Monday,0,Herfst,0,0,0,0
2020-09-08,190,190,2020,9,37,2,Tuesday,0,Herfst,0,0,0,0
2020-09-09,171,171,2020,9,37,3,Wednesday,0,Herfst,0,0,0,0
2020-09-10,193,193,2020,9,37,4,Thursday,0,Herfst,0,0,0,0
2020-09-11,187,187,2020,9,37,5,Friday,1,Herfst,0,0,0,0
2020-09-12,91,90,2020,9,37,6,Saturday,1,Herfst,0,0,0,1
2020-09-13,85,82,2020,9,37,7,Sunday,0,Herfst,0,0,0,1
2020-09-14,210,210,2020,9,38,1,Monday,0,Herfst,0,0,0,0
2020-09-15,189,187,2020,9,38,2,Tuesday,0,Herfst,0,0,0,0
2020-09-16,198,198,2020,9,38,3,Wednesday,0,Herfst,0,0,0,0
2020-09-17,180,180,2020,9,38,4,Thursday,0,Herfst,0,0,0,0
2020-09-18,194,192,2020,9,38,5,Friday,1,Herfst,0,0,0,0
2020-09-19,113,104,2020,9,38,6,Saturday,1,Herfst,0,0,0,1
2020-09-20,107,105,2020,9,38,7,Sunday,0,Herfst,0,0,0,1
2020-09-21,191,190,2020,9,39,1,Monday,0,Herfst,0,0,0,0
2020-09-22,199,199,2020,9,39,2,Tuesday,0,Herfst,0,0,0,0
2020-09-23,197,195,2020,9,39,3,Wednesday,0,Herfst,0,0,0,0
2020-09-24,180,180,2020,9,39,4,Thursday,0,Herfst,0,0,0,0
2020-09-25,196,196,2020,9,39,5,Friday,1,Herfst,0,0,0,0
2020-09-26,151,134,2020,9,39,6,Saturday,1,Herfst,0,0,0,1
2020-09-27,121,116,2020,9,39,7,Sunday,0,Herfst,0,0,0,1
2020-09-28,183,182,2020,9,40,1,Monday,0,Herfst,0,0,0,0
2020-09-29,195,195,2020,9,40,2,Tuesday,0,Herfst,0,0,0,0
2020-09-30,181,181,2020,9,40,3,Wednesday,0,Herfst,0,0,0,0
2020-10-01,175,174,2020,10,40,4,Thursday,0,Herfst,0,0,0,0
2020-10-02,185,185,2020,10,40,5,Friday,1,Herfst,0,0,0,0
2020-10-03,125,120,2020,10,40,6,Saturday,1,Herfst,0,0,0,1
2020-10-04,129,125,2020,10,40,7,Sunday,0,Herfst,0,0,0,1
2020-10-05,201,201,2020,10,41,1,Monday,0,Herfst,0,0,0,0
2020-10-06,204,204,2020,10,41,2,Tuesday,0,Herfst,0,0,0,0
2020-10-07,194,194,2020,10,41,3,Wednesday,0,Herfst,0,0,0,0
2020-10-08,163,163,2020,10,41,4,Thursday,0,Herfst,0,0,0,0
2020-10-09,180,180,2020,10,41,5,Friday,1,Herfst,0,0,0,0
2020-10-10,151,146,2020,10,41,6,Saturday,1,Herfst,0,0,0,1
2020-10-11,114,107,2020,10,41,7,Sunday,0,Herfst,0,0,0,1
2020-10-12,188,188,2020,10,42,1,Monday,0,Herfst,0,0,0,0
2020-10-13,164,164,2020,10,42,2,Tuesday,0,Herfst,0,0,0,0
2020-10-14,187,187,2020,10,42,3,Wednesday,0,Herfst,0,0,0,0
2020-10-15,170,170,2020,10,42,4,Thursday,0,Herfst,0,0,0,0
2020-10-16,177,177,2020,10,42,5,Friday,1,Herfst,0,0,0,0
2020-10-17,164,154,2020,10,42,6,Saturday,1,Herfst,0,0,0,1
2020-10-18,144,139,2020,10,42,7,Sunday,0,Herfst,0,0,0,1
2020-10-19,202,202,2020,10,43,1,Monday,0,Herfst,0,0,0,0
2020-10-20,205,205,2020,10,43,2,Tuesday,0,Herfst,0,0,0,0
2020-10-21,192,191,2020,10,43,3,Wednesday,0,Herfst,0,0,0,0
2020-10-22,188,187,2020,10,43,4,Thursday,0,Herfst,0,0,0,0
2020-10-23,183,183,2020,10,43,5,Friday,1,Herfst,0,0,0,0
2020-10-24,153,148,2020,10,43,6,Saturday,1,Herfst,0,0,1,1
2020-10-25,138,136,2020,10,43,7,Sunday,0,Herfst,0,0,1,1
2020-10-26,190,190,2020,10,44,1,Monday,0,Herfst,0,0,1,0
2020-10-27,201,201,2020,10,44,2,Tuesday,0,Herfst,0,0,1,0
2020-10-28,149,148,2020,10,44,3,Wednesday,0,Herfst,0,0,1,0
2020-10-29,104,104,2020,10,44,4,Thursday,0,Herfst,0,0,1,0
2020-10-30,174,174,2020,10,44,5,Friday,1,Herfst,0,0,1,0
2020-10-31,134,132,2020,10,44,6,Saturday,1,Herfst,0,0,1,1
2020-11-01,136,134,2020,11,44,7,Sunday,0,Herfst,0,0,1,1
2020-11-02,177,177,2020,11,45,1,Monday,0,Herfst,0,0,1,0
2020-11-03,194,194,2020,11,45,2,Tuesday,0,Herfst,0,0,1,0
2020-11-04,196,196,2020,11,45,3,Wednesday,0,Herfst,0,0,1,0
2020-11-05,188,187,2020,11,45,4,Thursday,0,Herfst,0,0,1,0
2020-11-06,189,189,2020,11,45,5,Friday,1,Herfst,0,0,1,0
2020-11-07,159,153,2020,11,45,6,Saturday,1,Herfst,0,0,0,1
2020-11-08,115,113,2020,11,45,7,Sunday,0,Herfst,0,0,0,1
2020-11-09,195,195,2020,11,46,1,Monday,0,Herfst,0,0,0,0
2020-11-10,212,212,2020,11,46,2,Tuesday,0,Herfst,0,0,0,0
2020-11-11,220,219,2020,11,46,3,Wednesday,0,Herfst,0,0,0,0
2020-11-12,185,185,2020,11,46,4,Thursday,0,Herfst,0,0,0,0
2020-11-13,212,212,2020,11,46,5,Friday,1,Herfst,0,0,0,0
2020-11-14,141,138,2020,11,46,6,Saturday,1,Herfst,0,0,0,1
2020-11-15,153,146,2020,11,46,7,Sunday,0,Herfst,0,0,0,1
2020-11-16,222,221,2020,11,47,1,Monday,0,Herfst,0,0,0,0
2020-11-17,196,196,2020,11,47,2,Tuesday,0,Herfst,0,0,0,0
2020-11-18,156,156,2020,11,47,3,Wednesday,0,Herfst,0,0,0,0
2020-11-19,176,176,2020,11,47,4,Thursday,0,Herfst,0,0,0,0
2020-11-20,205,204,2020,11,47,5,Friday,1,Herfst,0,0,0,0
2020-11-21,149,145,2020,11,47,6,Saturday,1,Herfst,0,0,0,1
2020-11-22,136,130,2020,11,47,7,Sunday,0,Herfst,0,0,0,1
2020-11-23,215,215,2020,11,48,1,Monday,0,Herfst,0,0,0,0
2020-11-24,207,207,2020,11,48,2,Tuesday,0,Herfst,0,0,0,0
2020-11-25,193,190,2020,11,48,3,Wednesday,0,Herfst,0,0,0,0
2020-11-26,175,174,2020,11,48,4,Thursday,0,Herfst,0,0,0,0
2020-11-27,128,128,2020,11,48,5,Friday,1,Herfst,0,0,0,0
2020-11-28,167,163,2020,11,48,6,Saturday,1,Herfst,0,0,0,1
2020-11-29,141,137,2020,11,48,7,Sunday,0,Herfst,0,0,0,1
2020-11-30,202,201,2020,11,49,1,Monday,0,Herfst,0,0,0,0
2020-12-01,205,204,2020,12,49,2,Tuesday,0,Winter,0,0,0,0
2020-12-02,187,187,2020,12,49,3,Wednesday,0,Winter,0,0,0,0
2020-12-03,196,196,2020,12,49,4,Thursday,0,Winter,0,0,0,0
2020-12-04,202,201,2020,12,49,5,Friday,1,Winter,0,0,0,0
2020-12-05,157,155,2020,12,49,6,Saturday,1,Winter,0,0,0,1
2020-12-06,141,133,2020,12,49,7,Sunday,0,Winter,0,0,0,1
2020-12-07,219,219,2020,12,50,1,Monday,0,Winter,0,0,0,0
2020-12-08,207,206,2020,12,50,2,Tuesday,0,Winter,0,0,0,0
2020-12-09,207,206,2020,12,50,3,Wednesday,0,Winter,0,0,0,0
2020-12-10,182,181,2020,12,50,4,Thursday,0,Winter,0,0,0,0
2020-12-11,176,175,2020,12,50,5,Friday,1,Winter,0,0,0,0
2020-12-12,130,129,2020,12,50,6,Saturday,1,Winter,0,0,0,1
2020-12-14,153,152,2020,12,51,1,Monday,0,Winter,0,0,0,0
2021-04-05,3,3,2021,4,14,1,Monday,0,Lente,1,0,1,0
2021-04-07,1,1,2021,4,14,3,Wednesday,0,Lente,0,0,1,0
2021-04-08,4,4,2021,4,14,4,Thursday,0,Lente,0,0,1,0
2021-04-12,4,4,2021,4,15,1,Monday,0,Lente,0,0,0,0
2021-04-13,6,6,2021,4,15,2,Tuesday,0,Lente,0,0,0,0
2021-04-14,9,9,2021,4,15,3,Wednesday,0,Lente,0,0,0,0
2021-04-15,6,6,2021,4,15,4,Thursday,0,Lente,0,0,0,0
2021-04-19,11,11,2021,4,16,1,Monday,0,Lente,0,0,0,0
2021-04-20,7,7,2021,4,16,2,Tuesday,0,Lente,0,0,0,0
2021-04-21,8,8,2021,4,16,3,Wednesday,0,Lente,0,0,0,0
2021-04-22,11,11,2021,4,16,4,Thursday,0,Lente,0,0,0,0
2021-04-23,5,5,2021,4,16,5,Friday,1,Lente,0,0,0,0
2021-04-30,1,1,2021,4,17,5,Friday,1,Lente,0,0,0,0
2021-05-03,4,4,2021,5,18,1,Monday,0,Lente,0,0,0,0
2021-05-06,5,5,2021,5,18,4,Thursday,0,Lente,0,0,0,0
2021-05-07,1,1,2021,5,18,5,Friday,1,Lente,0,0,0,0
2021-05-10,3,3,2021,5,19,1,Monday,0,Lente,0,0,0,0
2021-05-11,6,6,2021,5,19,2,Tuesday,0,Lente,0,0,0,0
2021-05-12,6,6,2021,5,19,3,Wednesday,0,Lente,0,0,0,0
2021-05-13,2,2,2021,5,19,4,Thursday,0,Lente,1,0,0,0
2021-05-14,2,2,2021,5,19,5,Friday,1,Lente,0,0,0,0
2021-05-17,4,4,2021,5,20,1,Monday,0,Lente,0,0,0,0
2021-05-18,9,9,2021,5,20,2,Tuesday,0,Lente,0,0,0,0
2021-05-19,203,199,2021,5,20,3,Wednesday,0,Lente,0,0,0,0
2021-05-20,14,14,2021,5,20,4,Thursday,0,Lente,0,0,0,0
2021-05-25,96,91,2021,5,21,2,Tuesday,0,Lente,0,0,0,0
2021-05-26,200,198,2021,5,21,3,Wednesday,0,Lente,0,0,0,0
2021-05-27,206,205,2021,5,21,4,Thursday,0,Lente,0,0,0,0
2021-05-28,184,184,2021,5,21,5,Friday,1,Lente,0,0,0,0
2021-05-29,85,82,2021,5,21,6,Saturday,1,Lente,0,0,0,1
2021-05-30,102,98,2021,5,21,7,Sunday,0,Lente,0,0,0,1
2021-05-31,197,197,2021,5,22,1,Monday,0,Lente,0,0,0,0
2021-06-01,197,193,2021,6,22,2,Tuesday,0,Zomer,0,0,0,0
2021-06-02,180,180,2021,6,22,3,Wednesday,0,Zomer,0,0,0,0
2021-06-03,195,193,2021,6,22,4,Thursday,0,Zomer,0,0,0,0
2021-06-04,185,184,2021,6,22,5,Friday,1,Zomer,0,0,0,0
2021-06-05,134,125,2021,6,22,6,Saturday,1,Zomer,0,0,1,1
2021-06-06,93,93,2021,6,22,7,Sunday,0,Zomer,0,0,1,1
2021-06-07,207,205,2021,6,23,1,Monday,0,Zomer,0,0,1,0
2021-06-08,146,146,2021,6,23,2,Tuesday,0,Zomer,0,0,1,0
2021-06-09,152,152,2021,6,23,3,Wednesday,0,Zomer,0,0,1,0
2021-06-10,179,177,2021,6,23,4,Thursday,0,Zomer,0,0,1,0
2021-06-11,170,170,2021,6,23,5,Friday,1,Zomer,0,0,1,0
2021-06-12,136,134,2021,6,23,6,Saturday,1,Zomer,0,0,1,1
2021-06-13,105,103,2021,6,23,7,Sunday,0,Zomer,0,0,1,1
2021-06-14,210,209,2021,6,24,1,Monday,0,Zomer,0,0,1,0
2021-06-15,167,167,2021,6,24,2,Tuesday,0,Zomer,0,0,1,0
2021-06-16,153,153,2021,6,24,3,Wednesday,0,Zomer,0,0,1,0
2021-06-17,136,134,2021,6,24,4,Thursday,0,Zomer,0,0,1,0
2021-06-18,161,161,2021,6,24,5,Friday,1,Zomer,0,0,1,0
2021-06-19,141,135,2021,6,24,6,Saturday,1,Zomer,0,0,1,1
2021-06-20,113,110,2021,6,24,7,Sunday,0,Zomer,0,0,1,1
2021-06-21,174,173,2021,6,25,1,Monday,0,Zomer,0,0,1,0
2021-06-22,167,166,2021,6,25,2,Tuesday,0,Zomer,0,0,1,0
2021-06-23,160,159,2021,6,25,3,Wednesday,0,Zomer,0,0,1,0
2021-06-24,173,170,2021,6,25,4,Thursday,0,Zomer,0,0,1,0
2021-06-25,147,146,2021,6,25,5,Friday,1,Zomer,0,0,1,0
2021-06-26,113,110,2021,6,25,6,Saturday,1,Zomer,0,0,1,1
2021-06-27,96,87,2021,6,25,7,Sunday,0,Zomer,0,0,1,1
2021-06-28,140,138,2021,6,26,1,Monday,0,Zomer,0,0,1,0
2021-06-29,136,134,2021,6,26,2,Tuesday,0,Zomer,0,0,1,0
2021-06-30,127,127,2021,6,26,3,Wednesday,0,Zomer,0,0,1,0
2021-07-01,137,134,2021,7,26,4,Thursday,0,Zomer,0,0,1,0
2021-07-02,115,114,2021,7,26,5,Friday,1,Zomer,0,0,1,0
2021-07-03,95,90,2021,7,26,6,Saturday,1,Zomer,0,0,1,1
2021-07-04,104,97,2021,7,26,7,Sunday,0,Zomer,0,0,1,1
2021-07-05,88,85,2021,7,27,1,Monday,0,Zomer,0,0,1,0
2021-07-06,101,97,2021,7,27,2,Tuesday,0,Zomer,0,0,1,0
2021-07-07,113,109,2021,7,27,3,Wednesday,0,Zomer,0,0,1,0
2021-07-08,101,93,2021,7,27,4,Thursday,0,Zomer,0,0,1,0
2021-07-09,85,81,2021,7,27,5,Friday,1,Zomer,0,0,1,0
2021-07-10,96,91,2021,7,27,6,Saturday,1,Zomer,0,1,0,1
2021-07-11,81,77,2021,7,27,7,Sunday,0,Zomer,0,1,0,1
2021-07-12,90,85,2021,7,28,1,Monday,0,Zomer,0,1,0,0
2021-07-13,85,80,2021,7,28,2,Tuesday,0,Zomer,0,1,0,0
2021-07-14,91,85,2021,7,28,3,Wednesday,0,Zomer,0,1,0,0
2021-07-15,83,80,2021,7,28,4,Thursday,0,Zomer,0,1,0,0
2021-07-16,87,84,2021,7,28,5,Friday,1,Zomer,0,1,0,0
2021-07-19,65,59,2021,7,29,1,Monday,0,Zomer,0,1,0,0
2021-07-20,79,77,2021,7,29,2,Tuesday,0,Zomer,0,1,0,0
2021-07-21,82,79,2021,7,29,3,Wednesday,0,Zomer,0,1,0,0
2021-07-22,60,60,2021,7,29,4,Thursday,0,Zomer,0,1,0,0
2021-07-23,87,82,2021,7,29,5,Friday,1,Zomer,0,1,0,0
2021-07-26,82,81,2021,7,30,1,Monday,0,Zomer,0,1,0,0
2021-07-27,76,73,2021,7,30,2,Tuesday,0,Zomer,0,1,0,0
2021-07-28,68,63,2021,7,30,3,Wednesday,0,Zomer,0,1,0,0
2021-07-29,67,66,2021,7,30,4,Thursday,0,Zomer,0,1,0,0
2021-07-30,69,68,2021,7,30,5,Friday,1,Zomer,0,1,0,0
2021-08-02,84,81,2021,8,31,1,Monday,0,Zomer,0,1,0,0
2021-08-03,92,86,2021,8,31,2,Tuesday,0,Zomer,0,1,0,0
2021-08-04,86,83,2021,8,31,3,Wednesday,0,Zomer,0,1,0,0
2021-08-05,77,75,2021,8,31,4,Thursday,0,Zomer,0,1,0,0
2021-08-06,82,79,2021,8,31,5,Friday,1,Zomer,0,1,0,0
2021-08-09,95,93,2021,8,32,1,Monday,0,Zomer,0,1,0,0
2021-08-10,71,69,2021,8,32,2,Tuesday,0,Zomer,0,1,0,0
2021-08-11,83,78,2021,8,32,3,Wednesday,0,Zomer,0,1,0,0
2021-08-12,77,73,2021,8,32,4,Thursday,0,Zomer,0,1,0,0
2021-08-13,83,80,2021,8,32,5,Friday,1,Zomer,0,1,0,0
2021-08-16,106,104,2021,8,33,1,Monday,0,Zomer,0,1,0,0
2021-08-17,126,123,2021,8,33,2,Tuesday,0,Zomer,0,1,0,0
2021-08-18,37,36,2021,8,33,3,Wednesday,0,Zomer,0,1,0,0
2021-08-19,48,46,2021,8,33,4,Thursday,0,Zomer,0,1,0,0
2021-08-20,89,87,2021,8,33,5,Friday,1,Zomer,0,1,0,0
2021-08-21,58,55,2021,8,33,6,Saturday,1,Zomer,0,1,0,1
2021-08-22,80,79,2021,8,33,7,Sunday,0,Zomer,0,1,0,1
2021-08-23,137,135,2021,8,34,1,Monday,0,Zomer,0,1,0,0
2021-08-24,151,146,2021,8,34,2,Tuesday,0,Zomer,0,1,0,0
2021-08-25,134,129,2021,8,34,3,Wednesday,0,Zomer,0,1,0,0
2021-08-26,129,124,2021,8,34,4,Thursday,0,Zomer,0,1,0,0
2021-08-27,149,143,2021,8,34,5,Friday,1,Zomer,0,1,0,0
2021-08-28,105,97,2021,8,34,6,Saturday,1,Zomer,0,1,0,1
2021-08-29,91,88,2021,8,34,7,Sunday,0,Zomer,0,1,0,1
2021-08-30,143,140,2021,8,35,1,Monday,0,Zomer,0,1,0,0
2021-08-31,122,119,2021,8,35,2,Tuesday,0,Zomer,0,1,0,0
2021-09-01,136,136,2021,9,35,3,Wednesday,0,Herfst,0,1,0,0
2021-09-02,127,126,2021,9,35,4,Thursday,0,Herfst,0,1,0,0
2021-09-03,135,134,2021,9,35,5,Friday,1,Herfst,0,1,0,0
2021-09-04,103,103,2021,9,35,6,Saturday,1,Herfst,0,1,0,1
2021-09-05,105,104,2021,9,35,7,Sunday,0,Herfst,0,1,0,1
2021-09-06,193,191,2021,9,36,1,Monday,0,Herfst,0,0,0,0
2021-09-07,185,182,2021,9,36,2,Tuesday,0,Herfst,0,0,0,0
2021-09-08,171,171,2021,9,36,3,Wednesday,0,Herfst,0,0,0,0
2021-09-09,177,176,2021,9,36,4,Thursday,0,Herfst,0,0,0,0
2021-09-10,203,203,2021,9,36,5,Friday,1,Herfst,0,0,0,0
2021-09-11,175,175,2021,9,36,6,Saturday,1,Herfst,0,0,0,1
2021-09-12,145,145,2021,9,36,7,Sunday,0,Herfst,0,0,0,1
2021-09-13,247,247,2021,9,37,1,Monday,0,Herfst,0,0,0,0
2021-09-14,241,241,2021,9,37,2,Tuesday,0,Herfst,0,0,0,0
2021-09-15,251,250,2021,9,37,3,Wednesday,0,Herfst,0,0,0,0
2021-09-16,255,254,2021,9,37,4,Thursday,0,Herfst,0,0,0,0
2021-09-17,198,197,2021,9,37,5,Friday,1,Herfst,0,0,0,0
2021-09-18,149,148,2021,9,37,6,Saturday,1,Herfst,0,0,0,1
2021-09-19,132,132,2021,9,37,7,Sunday,0,Herfst,0,0,0,1
2021-09-20,233,233,2021,9,38,1,Monday,0,Herfst,0,0,0,0
2021-09-21,241,241,2021,9,38,2,Tuesday,0,Herfst,0,0,0,0
2021-09-22,220,220,2021,9,38,3,Wednesday,0,Herfst,0,0,0,0
2021-09-23,215,215,2021,9,38,4,Thursday,0,Herfst,0,0,0,0
2021-09-24,202,201,2021,9,38,5,Friday,1,Herfst,0,0,0,0
2021-09-25,158,157,2021,9,38,6,Saturday,1,Herfst,0,0,0,1
2021-09-26,140,140,2021,9,38,7,Sunday,0,Herfst,0,0,0,1
2021-09-27,246,245,2021,9,39,1,Monday,0,Herfst,0,0,0,0
2021-09-28,233,232,2021,9,39,2,Tuesday,0,Herfst,0,0,0,0
2021-09-29,252,250,2021,9,39,3,Wednesday,0,Herfst,0,0,0,0
2021-09-30,258,258,2021,9,39,4,Thursday,0,Herfst,0,0,0,0
2021-10-01,205,203,2021,10,39,5,Friday,1,Herfst,0,0,0,0
2021-10-02,170,169,2021,10,39,6,Saturday,1,Herfst,0,0,0,1
2021-10-03,148,148,2021,10,39,7,Sunday,0,Herfst,0,0,0,1
2021-10-04,273,271,2021,10,40,1,Monday,0,Herfst,0,0,0,0
2021-10-05,243,243,2021,10,40,2,Tuesday,0,Herfst,0,0,0,0
2021-10-06,280,278,2021,10,40,3,Wednesday,0,Herfst,0,0,0,0
2021-10-07,238,238,2021,10,40,4,Thursday,0,Herfst,0,0,0,0
2021-10-08,202,201,2021,10,40,5,Friday,1,Herfst,0,0,0,0
2021-10-09,162,162,2021,10,40,6,Saturday,1,Herfst,0,0,0,1
2021-10-10,124,124,2021,10,40,7,Sunday,0,Herfst,0,0,0,1
2021-10-11,271,271,2021,10,41,1,Monday,0,Herfst,0,0,0,0
2021-10-12,266,265,2021,10,41,2,Tuesday,0,Herfst,0,0,0,0
2021-10-13,261,260,2021,10,41,3,Wednesday,0,Herfst,0,0,0,0
2021-10-14,247,246,2021,10,41,4,Thursday,0,Herfst,0,0,0,0
2021-10-15,228,225,2021,10,41,5,Friday,1,Herfst,0,0,0,0
2021-10-16,146,146,2021,10,41,6,Saturday,1,Herfst,0,0,0,1
2021-10-17,149,148,2021,10,41,7,Sunday,0,Herfst,0,0,0,1
2021-10-18,246,245,2021,10,42,1,Monday,0,Herfst,0,0,0,0
2021-10-19,246,244,2021,10,42,2,Tuesday,0,Herfst,0,0,0,0
2021-10-20,247,245,2021,10,42,3,Wednesday,0,Herfst,0,0,0,0
2021-10-21,226,221,2021,10,42,4,Thursday,0,Herfst,0,0,0,0
2021-10-22,199,198,2021,10,42,5,Friday,1,Herfst,0,0,0,0
2021-10-23,173,172,2021,10,42,6,Saturday,1,Herfst,0,0,0,1
2021-10-24,163,163,2021,10,42,7,Sunday,0,Herfst,0,0,0,1
2021-10-25,301,300,2021,10,43,1,Monday,0,Herfst,0,0,0,0
2021-10-26,287,287,2021,10,43,2,Tuesday,0,Herfst,0,0,0,0
2021-10-27,284,281,2021,10,43,3,Wednesday,0,Herfst,0,0,0,0
2021-10-28,238,237,2021,10,43,4,Thursday,0,Herfst,0,0,0,0
2021-10-29,217,215,2021,10,43,5,Friday,1,Herfst,0,0,0,0
2021-10-30,172,172,2021,10,43,6,Saturday,1,Herfst,0,0,1,1
2021-10-31,174,173,2021,10,43,7,Sunday,0,Herfst,0,0,1,1
2021-11-01,269,269,2021,11,44,1,Monday,0,Herfst,0,0,1,0
2021-11-02,253,252,2021,11,44,2,Tuesday,0,Herfst,0,0,1,0
2021-11-03,241,240,2021,11,44,3,Wednesday,0,Herfst,0,0,1,0
2021-11-04,210,208,2021,11,44,4,Thursday,0,Herfst,0,0,1,0
2021-11-05,208,205,2021,11,44,5,Friday,1,Herfst,0,0,1,0
2021-11-06,188,187,2021,11,44,6,Saturday,1,Herfst,0,0,1,1
2021-11-07,165,165,2021,11,44,7,Sunday,0,Herfst,0,0,1,1
2021-11-08,256,255,2021,11,45,1,Monday,0,Herfst,0,0,1,0
2021-11-09,242,242,2021,11,45,2,Tuesday,0,Herfst,0,0,1,0
2021-11-10,231,229,2021,11,45,3,Wednesday,0,Herfst,0,0,1,0
2021-11-11,200,198,2021,11,45,4,Thursday,0,Herfst,0,0,1,0
2021-11-12,162,161,2021,11,45,5,Friday,1,Herfst,0,0,1,0
2021-11-13,160,158,2021,11,45,6,Saturday,1,Herfst,0,0,0,1
2021-11-14,178,177,2021,11,45,7,Sunday,0,Herfst,0,0,0,1
2021-11-15,280,280,2021,11,46,1,Monday,0,Herfst,0,0,0,0
2021-11-16,271,271,2021,11,46,2,Tuesday,0,Herfst,0,0,0,0
2021-11-17,262,262,2021,11,46,3,Wednesday,0,Herfst,0,0,0,0
2021-11-18,225,223,2021,11,46,4,Thursday,0,Herfst,0,0,0,0
2021-11-19,227,225,2021,11,46,5,Friday,1,Herfst,0,0,0,0
2021-11-20,191,189,2021,11,46,6,Saturday,1,Herfst,0,0,0,1
2021-11-21,154,154,2021,11,46,7,Sunday,0,Herfst,0,0,0,1
2021-11-22,320,319,2021,11,47,1,Monday,0,Herfst,0,0,0,0
2021-11-23,312,312,2021,11,47,2,Tuesday,0,Herfst,0,0,0,0
2021-11-24,290,290,2021,11,47,3,Wednesday,0,Herfst,0,0,0,0
2021-11-25,290,288,2021,11,47,4,Thursday,0,Herfst,0,0,0,0
2021-11-26,209,207,2021,11,47,5,Friday,1,Herfst,0,0,0,0
2021-11-27,183,182,2021,11,47,6,Saturday,1,Herfst,0,0,0,1
2021-11-28,152,150,2021,11,47,7,Sunday,0,Herfst,0,0,0,1
2021-11-29,184,184,2021,11,48,1,Monday,0,Herfst,0,0,0,0
2021-11-30,195,195,2021,11,48,2,Tuesday,0,Herfst,0,0,0,0
2021-12-01,177,177,2021,12,48,3,Wednesday,0,Winter,0,0,0,0
